MA1208.2	GT-2	ENSXMAG00000002200|melanocyte	186	196	+	14.8485	1.86e-06	0.00815	TTTTTTACTGT
MA1596.1	ZNF460	ENSXMAG00000002200|melanocyte	983	998	-	14.7191	1.89e-06	0.00651	GCCTCAGGCTCCCCAC
MA1532.2	NR1D2	ENSXMAG00000002200|melanocyte	105	119	-	14.4889	2.13e-06	0.00928	TAGGTCAGTAGGTAA
MA2287.1	TfAP-2	ENSXMAG00000002200|melanocyte	990	998	+	15.5645	2.23e-06	0.00694	GCCTGAGGC
MA1569.2	TFAP2E	ENSXMAG00000002200|melanocyte	990	998	-	14.5102	2.23e-06	0.00695	GCCTCAGGC
MA0814.3	TFAP2C	ENSXMAG00000002200|melanocyte	990	998	+	16.5691	2.23e-06	0.00782	GCCTGAGGC
MA0812.2	TFAP2B	ENSXMAG00000002200|melanocyte	990	998	-	16.0727	2.23e-06	0.0077	GCCTCAGGC
MA0003.5	TFAP2A	ENSXMAG00000002200|melanocyte	990	998	-	16.4228	2.23e-06	0.00813	GCCTCAGGC
MA2207.1	ci	ENSXMAG00000002200|melanocyte	874	884	+	16.2459	2.48e-06	0.00984	AGACCTCCCAC
MA1124.1	ZNF24	ENSXMAG00000002200|melanocyte	680	692	+	15.5636	2.55e-06	0.0111	CCTTCATTCAATC
MA0041.3	FOXD3	ENSXMAG00000002200|melanocyte	486	499	+	14.6944	3.04e-06	0.0133	AAAAAAAACAAACA
MA1716.2	ZNF76	ENSXMAG00000002200|melanocyte	709	725	+	14.5	3.54e-06	0.014	CACCACAATGCCTCACG
MA1919.2	Tbox-a	ENSXMAG00000002200|melanocyte	967	975	-	14.4228	4.03e-06	0.0167	AGGTGTGAA
MA2202.1	byn	ENSXMAG00000002200|melanocyte	967	975	-	14.7869	4.03e-06	0.0163	AGGTGTGAA
MA1567.3	Tbx6	ENSXMAG00000002200|melanocyte	967	975	-	15.6697	4.03e-06	0.0166	AGGTGTGAA
MA0688.2	TBX2	ENSXMAG00000002200|melanocyte	967	975	-	14.5818	4.03e-06	0.0176	AGGTGTGAA
MA1565.2	TBX18	ENSXMAG00000002200|melanocyte	967	975	-	15.3871	4.03e-06	0.0176	AGGTGTGAA
MA0802.2	TBR1	ENSXMAG00000002200|melanocyte	967	975	-	16	4.03e-06	0.0165	AGGTGTGAA
MA1566.3	TBX3	ENSXMAG00000002200|melanocyte	967	975	-	16.1636	4.03e-06	0.0163	AGGTGTGAA
MA0800.2	EOMES	ENSXMAG00000002200|melanocyte	967	975	-	15.7561	4.03e-06	0.0173	AGGTGTGAA
MA0535.1	Mad	ENSXMAG00000002200|melanocyte	889	903	+	15.0732	4.42e-06	0.00784	GAGACGCCGGGGGTC
MA2287.1	TfAP-2	ENSXMAG00000002200|melanocyte	990	998	-	15.5484	4.46e-06	0.00694	GCCTCAGGC
MA1569.2	TFAP2E	ENSXMAG00000002200|melanocyte	990	998	+	14.4694	4.46e-06	0.00695	GCCTGAGGC
MA0812.2	TFAP2B	ENSXMAG00000002200|melanocyte	990	998	+	15.5636	4.46e-06	0.0077	GCCTGAGGC
MA1529.2	NHLH2	ENSXMAG00000002200|melanocyte	966	981	+	14.1429	4.5e-06	0.0172	ATTCACACCTGCGCCC
MA1491.3	GLI3	ENSXMAG00000002200|melanocyte	874	888	+	10.7115	4.52e-06	0.0175	AGACCTCCCACCTCC
MA1457.2	grh	ENSXMAG00000002200|melanocyte	149	158	+	15.0163	4.67e-06	0.0204	GAACCAGTTT
MA1990.2	Gli1	ENSXMAG00000002200|melanocyte	811	820	-	14.8298	4.85e-06	0.0188	AGCCCACCCA
MA2207.1	ci	ENSXMAG00000002200|melanocyte	819	829	-	15.3607	4.86e-06	0.00984	AGACCCCCCAG
MA1594.1	ZNF382	ENSXMAG00000002200|melanocyte	304	327	-	10.7778	4.93e-06	0.0214	ATCACACAACAGCACTGACTCTAC
MA2367.1	WIP5	ENSXMAG00000002200|melanocyte	460	472	+	13.8548	5.18e-06	0.0223	GCCTGGAGTAAAA
MA1969.2	THRA	ENSXMAG00000002200|melanocyte	804	821	+	13.0132	5.98e-06	0.0249	GTGTCCTTGGGTGGGCTG
MA1487.3	FOXE1	ENSXMAG00000002200|melanocyte	485	496	+	14.6897	6.33e-06	0.0277	CAAAAAAAACAA
MA1053.1	ERF109	ENSXMAG00000002200|melanocyte	864	871	+	15.5612	6.67e-06	0.0238	GCGCCGCC
MA1051.1	RAP2-3	ENSXMAG00000002200|melanocyte	864	871	+	14.4404	6.67e-06	0.024	GCGCCGCC
MA0690.3	TBX21	ENSXMAG00000002200|melanocyte	967	976	+	14.6	6.95e-06	0.0288	TTCACACCTG
MA0734.4	Gli2	ENSXMAG00000002200|melanocyte	811	819	-	14.3303	7.18e-06	0.0273	GCCCACCCA
MA2195.1	ato	ENSXMAG00000002200|melanocyte	129	137	+	13.459	7.67e-06	0.0275	CCATCTGCC
MA2120.1	ZNF184	ENSXMAG00000002200|melanocyte	51	63	+	14.1727	7.88e-06	0.0344	GAGAAAGGTGCCT
MA0992.3	ERF4	ENSXMAG00000002200|melanocyte	864	872	+	14.2131	8.13e-06	0.0329	GCGCCGCCA
MA2078.1	PK19363.1	ENSXMAG00000002200|melanocyte	865	872	+	14.0656	8.13e-06	0.0283	CGCCGCCA
MA2074.1	PK17878.1	ENSXMAG00000002200|melanocyte	865	872	+	15.1148	8.13e-06	0.0311	CGCCGCCA
MA0567.1	ERF1B	ENSXMAG00000002200|melanocyte	865	872	+	14.9146	8.13e-06	0.0323	CGCCGCCA
MA1651.2	ZFP42	ENSXMAG00000002200|melanocyte	752	764	+	13.7191	8.9e-06	0.0377	AAAAATGGCCGCA
MA1480.2	DPRX	ENSXMAG00000002200|melanocyte	578	586	+	13.5769	8.94e-06	0.0391	AGCTAATCC
MA1256.2	RAP2-12	ENSXMAG00000002200|melanocyte	864	874	-	14.3636	9.12e-06	0.0257	TTTGGCGGCGC
MA1607.2	Foxl2	ENSXMAG00000002200|melanocyte	24	33	-	13.704	9.26e-06	0.0405	GATGTAAACA
MA0587.2	TCP16	ENSXMAG00000002200|melanocyte	244	251	+	15.3171	9.9e-06	0.0382	GTGGACCC
MA1491.3	GLI3	ENSXMAG00000002200|melanocyte	806	820	-	8.15385	1.03e-05	0.0199	AGCCCACCCAAGGAC
MA1245.3	ERF112	ENSXMAG00000002200|melanocyte	864	872	+	14.0488	1.03e-05	0.0404	GCGCCGCCA
MA1990.2	Gli1	ENSXMAG00000002200|melanocyte	874	883	+	13.5177	1.06e-05	0.0205	AGACCTCCCA
MA1754.2	ERF073	ENSXMAG00000002200|melanocyte	862	872	+	13.5902	1.06e-05	0.0439	AAGCGCCGCCA
MA0504.2	NR2C2	ENSXMAG00000002200|melanocyte	874	887	-	13.0714	1.19e-05	0.0493	GAGGTGGGAGGTCT
MA1945.2	ETV5::FIGLA	ENSXMAG00000002200|melanocyte	283	296	+	12.3621	1.19e-05	0.0233	GAAGGAAGCAGCTT
MA2204.1	CG4360	ENSXMAG00000002200|melanocyte	478	490	+	5.06557	1.23e-05	0.0462	ACAACAACAAAAA
MA1005.3	ERF082	ENSXMAG00000002200|melanocyte	864	872	+	14.1034	1.26e-05	0.0496	GCGCCGCCA
MA1750.1	E2FE	ENSXMAG00000002200|melanocyte	554	568	-	4.40984	1.28e-05	0.0281	TAAGTTGCGGGAAAA
MA1732.1	E2FD	ENSXMAG00000002200|melanocyte	554	568	-	4.40984	1.28e-05	0.0281	TAAGTTGCGGGAAAA
MA1890.1	Klf15	ENSXMAG00000002200|melanocyte	804	825	-	12.7398	1.31e-05	0.0251	CCCCCAGCCCACCCAAGGACAC
MA1221.1	RAP2-6	ENSXMAG00000002200|melanocyte	858	872	-	13.1061	1.31e-05	0.0367	TGGCGGCGCTTGTAG
MA0975.1	CRF2	ENSXMAG00000002200|melanocyte	864	871	+	14.7377	1.33e-05	0.0456	GCGCCGCC
MA1239.2	ERF104	ENSXMAG00000002200|melanocyte	858	873	+	12.9394	1.45e-05	0.0297	CTACAAGCGCCGCCAA
MA1000.3	ERF105	ENSXMAG00000002200|melanocyte	864	873	-	13.1818	1.51e-05	0.0309	TTGGCGGCGC
MA0734.4	Gli2	ENSXMAG00000002200|melanocyte	875	883	+	13.2752	1.54e-05	0.0293	GACCTCCCA
MA0872.1	TFAP2A	ENSXMAG00000002200|melanocyte	977	989	+	13.3607	1.57e-05	0.0362	CGCCCTGTGGGGA
MA2418.1	IG1	ENSXMAG00000002200|melanocyte	864	872	+	13.1382	1.78e-05	0.0454	GCGCCGCCA
MA0205.3	Trl	ENSXMAG00000002200|melanocyte	927	935	+	13.3265	1.96e-05	0.0499	AAGAGAGCG
MA1225.1	ERF5	ENSXMAG00000002200|melanocyte	858	872	+	12.1515	1.96e-05	0.0271	CTACAAGCGCCGCCA
MA0815.1	TFAP2C	ENSXMAG00000002200|melanocyte	977	989	-	12.7759	2.02e-05	0.0412	TCCCCACAGGGCG
MA1228.2	ERF091	ENSXMAG00000002200|melanocyte	861	873	-	12.1212	2.06e-05	0.0398	TTGGCGGCGCTTG
MA0872.1	TFAP2A	ENSXMAG00000002200|melanocyte	977	989	-	12.7869	2.13e-05	0.0362	TCCCCACAGGGCG
MA0205.3	Trl	ENSXMAG00000002200|melanocyte	909	917	+	13.1327	2.29e-05	0.0499	CAGAGAGAG
MA0003.5	TFAP2A	ENSXMAG00000002200|melanocyte	990	998	+	13.1545	2.3e-05	0.0279	GCCTGAGGC
MA1001.4	ERF076	ENSXMAG00000002200|melanocyte	864	873	+	12.398	2.36e-05	0.0459	GCGCCGCCAA
MA1990.2	Gli1	ENSXMAG00000002200|melanocyte	820	829	-	12.4255	2.4e-05	0.031	AGACCCCCCA
MA0815.1	TFAP2C	ENSXMAG00000002200|melanocyte	977	989	+	12.431	2.44e-05	0.0412	CGCCCTGTGGGGA
MA0535.1	Mad	ENSXMAG00000002200|melanocyte	919	933	+	12.878	2.49e-05	0.0221	CTGACGCCAAGAGAG
MA1529.2	NHLH2	ENSXMAG00000002200|melanocyte	966	981	-	10.3265	2.52e-05	0.0207	GGGCGCAGGTGTGAAT
MA0814.3	TFAP2C	ENSXMAG00000002200|melanocyte	990	998	-	12.3821	2.94e-05	0.0343	GCCTCAGGC
MA1264.2	ERF095	ENSXMAG00000002200|melanocyte	861	873	-	11.197	3.33e-05	0.0463	TTGGCGGCGCTTG
MA2418.1	IG1	ENSXMAG00000002200|melanocyte	757	765	-	11.7561	3.88e-05	0.0454	CTGCGGCCA
MA0123.1	abi4	ENSXMAG00000002200|melanocyte	831	840	+	11.9438	3.99e-05	0.0456	CAGCGCTCCC
MA1945.2	ETV5::FIGLA	ENSXMAG00000002200|melanocyte	971	984	-	9.55172	4.17e-05	0.0407	ACAGGGCGCAGGTG
MA1941.2	ETV2::FIGLA	ENSXMAG00000002200|melanocyte	284	296	+	10.6383	4.35e-05	0.0481	AAGGAAGCAGCTT
MA1257.2	ERF9	ENSXMAG00000002200|melanocyte	862	880	-	10.3485	4.56e-05	0.0307	GAGGTCTTTGGCGGCGCTT
MA1819.2	Zm00001d005892	ENSXMAG00000002200|melanocyte	865	872	+	11.3576	4.96e-05	0.0423	CGCCGCCA
MA1890.1	Klf15	ENSXMAG00000002200|melanocyte	814	835	-	10.3252	5.13e-05	0.0453	CGCTGAAGACCCCCCAGCCCAC
MA1941.2	ETV2::FIGLA	ENSXMAG00000002200|melanocyte	971	983	-	9.92908	6.29e-05	0.0481	CAGGGCGCAGGTG
MA1833.2	Zm00001d049364	ENSXMAG00000002200|melanocyte	861	871	+	9.6831	8.66e-05	0.0412	CAAGCGCCGCC

# fimo --oc . --verbosity 1 --bgfile --nrdb-- --thresh 1.0E-4 JASPAR2024_CORE_non-redundant_pfms_meme.txt sequences.fa
MA1274.1	DOF3.6	ENSXMAG00000002200|melanocyte	511	531	+	19.6061	5.67e-08	0.000246	TTTGCTTTCTTTCTTTTTTTT
MA1651.2	ZFP42	ENSXMAG00000002200|melanocyte	159	171	-	18.809	2.19e-07	0.000939	CAATATGGCTGCC
MA1268.2	CDF5	ENSXMAG00000002200|melanocyte	511	531	+	18.1061	2.93e-07	0.00128	TTTGCTTTCTTTCTTTTTTTT
MA1267.2	DOF5.8	ENSXMAG00000002200|melanocyte	510	528	+	16.5909	9.71e-07	0.00423	TTTTGCTTTCTTTCTTTTT
MA1943.2	ETV2::HOXB13	ENSXMAG00000002200|melanocyte	865	877	+	17.0192	1.16e-06	0.00511	CCGGATAAATAAA
MA0216.2	cad	ENSXMAG00000002200|melanocyte	233	243	-	15.8983	1.23e-06	0.00541	AGCCATAAAAC
MA1281.2	DOF5.1	ENSXMAG00000002200|melanocyte	510	528	-	16.3636	1.32e-06	0.00575	AAAAAGAAAGAAAGCAAAA
MA1274.1	DOF3.6	ENSXMAG00000002200|melanocyte	515	535	+	15.9848	1.74e-06	0.00378	CTTTCTTTCTTTTTTTTCTGT
MA0683.2	POU4F2	ENSXMAG00000002200|melanocyte	841	855	+	14.8966	2.53e-06	0.0111	TGCATAGCTAATGAG
MA1400.2	AT1G19000	ENSXMAG00000002200|melanocyte	277	289	+	15.7576	2.69e-06	0.0119	AAATGGATAAAGA
MA1475.2	CREB3L4	ENSXMAG00000002200|melanocyte	738	746	+	15.371	3.31e-06	0.00993	GTGACGTCA
MA1473.2	CDX4	ENSXMAG00000002200|melanocyte	234	242	-	15.0213	4.91e-06	0.0217	GCCATAAAA
MA0546.1	pha-4	ENSXMAG00000002200|melanocyte	110	119	-	14.6129	5.44e-06	0.024	AAAGCAAACA
MA1556.1	RXRG	ENSXMAG00000002200|melanocyte	732	745	-	13.7586	5.66e-06	0.0226	GACGTCACGGCCCC
MA1397.2	AT1G74840	ENSXMAG00000002200|melanocyte	278	286	+	14.4697	5.98e-06	0.0264	AATGGATAA
MA2398.1	AS2	ENSXMAG00000002200|melanocyte	879	896	+	13.918	7.23e-06	0.0259	CAGCGCCAACGTCGGCGG
MA0277.1	AZF1	ENSXMAG00000002200|melanocyte	520	528	-	14.4146	7.28e-06	0.0158	AAAAAGAAA
MA1438.2	atf-7	ENSXMAG00000002200|melanocyte	738	746	+	14.377	7.34e-06	0.0108	GTGACGTCA
MA1927.2	YY1-2	ENSXMAG00000002200|melanocyte	161	173	-	14.0183	7.62e-06	0.0334	TCCAATATGGCTG
MA1189.2	AT5G61620	ENSXMAG00000002200|melanocyte	277	290	+	14.2576	7.8e-06	0.0343	AAATGGATAAAGAA
MA1268.2	CDF5	ENSXMAG00000002200|melanocyte	515	535	+	13.8788	8.44e-06	0.0184	CTTTCTTTCTTTTTTTTCTGT
MA1984.2	ZNF667	ENSXMAG00000002200|melanocyte	15	25	-	14.0922	8.52e-06	0.0373	TTAAAAGCACA
MA0857.1	Rarb	ENSXMAG00000002200|melanocyte	38	53	+	4.27586	8.58e-06	0.0376	TGAGTTCATAAAGTCA
MA1849.2	Creb1	ENSXMAG00000002200|melanocyte	738	747	+	13.1009	8.8e-06	0.00968	GTGACGTCAA
MA1849.2	Creb1	ENSXMAG00000002200|melanocyte	738	747	-	13.1009	8.8e-06	0.00968	TTGACGTCAC
MA1195.2	AT5G56840	ENSXMAG00000002200|melanocyte	277	290	-	14.1818	8.87e-06	0.0391	TTCTTTATCCATTT
MA1354.1	AT4G12670	ENSXMAG00000002200|melanocyte	470	498	+	-7.42697	9.15e-06	0.04	TTAACCTCTAAAAGTCCAAAACAAAACCA
MA1278.2	DOF3.4	ENSXMAG00000002200|melanocyte	512	528	+	13.6364	9.78e-06	0.0427	TTGCTTTCTTTCTTTTT
MA0559.1	PI	ENSXMAG00000002200|melanocyte	519	532	-	13.697	1.06e-05	0.0459	GAAAAAAAAGAAAG
MA1047.3	TGA5	ENSXMAG00000002200|melanocyte	738	746	+	14.58	1.06e-05	0.0157	GTGACGTCA
MA0913.3	HOXD9	ENSXMAG00000002200|melanocyte	234	242	-	14.08	1.09e-05	0.048	GCCATAAAA
MA0537.1	blmp-1	ENSXMAG00000002200|melanocyte	519	529	-	14.2727	1.1e-05	0.0481	AAAAAAGAAAG
MA0859.2	Rarg	ENSXMAG00000002200|melanocyte	39	53	+	5.17021	1.13e-05	0.0477	GAGTTCATAAAGTCA
MA0299.1	GAL4	ENSXMAG00000002200|melanocyte	853	867	-	13.6552	1.13e-05	0.045	CGGGGAAGAAGCCTC
MA0609.3	CREM	ENSXMAG00000002200|melanocyte	738	747	+	13.521	1.19e-05	0.0155	GTGACGTCAA
MA0609.3	CREM	ENSXMAG00000002200|melanocyte	738	747	-	13.521	1.19e-05	0.0155	TTGACGTCAC
MA0145.2	Tfcp2l1	ENSXMAG00000002200|melanocyte	912	925	+	13.5556	1.22e-05	0.042	CCGGCCGGAGCCTG
MA1704.2	zip-8	ENSXMAG00000002200|melanocyte	738	746	+	14.6697	1.22e-05	0.018	GTGACGTCA
MA2204.1	CG4360	ENSXMAG00000002200|melanocyte	137	149	-	5.06557	1.23e-05	0.0385	ACAACAACAAAAA
MA1274.1	DOF3.6	ENSXMAG00000002200|melanocyte	272	292	-	13.3333	1.24e-05	0.0164	TTTTCTTTATCCATTTATCCC
MA2410.1	ZmbZIP54	ENSXMAG00000002200|melanocyte	739	746	+	14.838	1.47e-05	0.016	TGACGTCA
MA2410.1	ZmbZIP54	ENSXMAG00000002200|melanocyte	739	746	-	14.838	1.47e-05	0.016	TGACGTCA
MA1047.3	TGA5	ENSXMAG00000002200|melanocyte	739	747	-	12.77	1.47e-05	0.0162	TTGACGTCA
MA2066.1	PK09021.1	ENSXMAG00000002200|melanocyte	739	746	+	15	1.47e-05	0.0162	TGACGTCA
MA2066.1	PK09021.1	ENSXMAG00000002200|melanocyte	739	746	-	15	1.47e-05	0.0162	TGACGTCA
MA0967.1	BZIP60	ENSXMAG00000002200|melanocyte	739	746	+	14.25	1.47e-05	0.0162	TGACGTCA
MA0967.1	BZIP60	ENSXMAG00000002200|melanocyte	739	746	-	14.25	1.47e-05	0.0162	TGACGTCA
MA1274.1	DOF3.6	ENSXMAG00000002200|melanocyte	504	524	+	13.0303	1.51e-05	0.0164	CAGGCTTTTTGCTTTCTTTCT
MA1145.2	FOSL2::JUND	ENSXMAG00000002200|melanocyte	738	747	-	13.0484	1.63e-05	0.0239	TTGACGTCAC
MA1140.3	JUNB	ENSXMAG00000002200|melanocyte	737	747	-	11.9	1.67e-05	0.0232	TTGACGTCACG
MA2210.1	CrebB	ENSXMAG00000002200|melanocyte	738	747	-	13.7416	1.68e-05	0.0208	TTGACGTCAC
MA1346.2	TGA10	ENSXMAG00000002200|melanocyte	737	746	+	13.2576	1.79e-05	0.0263	CGTGACGTCA
MA1596.1	ZNF460	ENSXMAG00000002200|melanocyte	798	813	-	9.65169	1.83e-05	0.0338	GACTCGTCCTCCCACC
MA1070.3	TGA7	ENSXMAG00000002200|melanocyte	738	747	-	12.7111	1.84e-05	0.0271	TTGACGTCAC
MA2210.1	CrebB	ENSXMAG00000002200|melanocyte	738	747	+	13.5506	1.88e-05	0.0208	GTGACGTCAA
MA1143.2	FOSL1::JUND	ENSXMAG00000002200|melanocyte	738	746	+	11.9112	2.03e-05	0.0299	GTGACGTCA
MA1068.3	TGA2	ENSXMAG00000002200|melanocyte	738	747	+	12.2258	2.07e-05	0.0285	GTGACGTCAA
MA2193.1	Atf3	ENSXMAG00000002200|melanocyte	738	747	-	12.9841	2.44e-05	0.0345	TTGACGTCAC
MA1070.3	TGA7	ENSXMAG00000002200|melanocyte	738	747	+	12.4556	2.47e-05	0.0272	GTGACGTCAA
MA1068.3	TGA2	ENSXMAG00000002200|melanocyte	738	747	-	12.0161	2.58e-05	0.0285	TTGACGTCAC
MA1069.3	TGA6	ENSXMAG00000002200|melanocyte	738	747	-	12.1224	2.65e-05	0.0302	TTGACGTCAC
MA2204.1	CG4360	ENSXMAG00000002200|melanocyte	134	146	-	3.01639	2.66e-05	0.0385	ACAACAAAAAACT
MA1131.2	FOSL2::JUN	ENSXMAG00000002200|melanocyte	738	747	+	12.2419	2.72e-05	0.04	GTGACGTCAA
MA1069.3	TGA6	ENSXMAG00000002200|melanocyte	738	747	+	11.9082	2.74e-05	0.0302	GTGACGTCAA
MA0840.2	Creb5	ENSXMAG00000002200|melanocyte	738	747	-	11.5636	2.78e-05	0.0408	TTGACGTCAC
MA2193.1	Atf3	ENSXMAG00000002200|melanocyte	738	747	+	12.2698	3.13e-05	0.0345	GTGACGTCAA
MA2398.1	AS2	ENSXMAG00000002200|melanocyte	878	895	-	11.3279	3.24e-05	0.0336	CGCCGACGTTGGCGCTGC
MA0018.5	CREB1	ENSXMAG00000002200|melanocyte	739	746	+	12.7092	3.26e-05	0.0359	TGACGTCA
MA0018.5	CREB1	ENSXMAG00000002200|melanocyte	739	746	-	12.7092	3.26e-05	0.0359	TGACGTCA
MA1139.2	FOSL2::JUNB	ENSXMAG00000002200|melanocyte	738	747	-	11.848	3.53e-05	0.04	TTGACGTCAC
MA1139.2	FOSL2::JUNB	ENSXMAG00000002200|melanocyte	738	747	+	11.8	3.63e-05	0.04	GTGACGTCAA
MA1145.2	FOSL2::JUND	ENSXMAG00000002200|melanocyte	738	747	+	11.7177	3.76e-05	0.0415	GTGACGTCAA
MA1335.1	TGA4	ENSXMAG00000002200|melanocyte	736	746	-	11.8182	3.78e-05	0.0416	TGACGTCACGG
MA1858.2	Fos-b	ENSXMAG00000002200|melanocyte	738	747	+	11.0163	4e-05	0.0499	GTGACGTCAA
MA2409.1	ZmbZIP25	ENSXMAG00000002200|melanocyte	815	824	-	11.5528	4.29e-05	0.0378	GAGGACATCA
MA1274.1	DOF3.6	ENSXMAG00000002200|melanocyte	955	975	+	11.3333	4.31e-05	0.0373	AAACCTTTTTTTGTTCTCTCT
MA1951.2	FOS	ENSXMAG00000002200|melanocyte	737	749	+	9.93103	4.31e-05	0.0346	CGTGACGTCAAAA
MA1858.2	Fos-b	ENSXMAG00000002200|melanocyte	738	747	-	10.6829	4.53e-05	0.0499	TTGACGTCAC
MA1951.2	FOS	ENSXMAG00000002200|melanocyte	736	748	-	9.72414	4.72e-05	0.0346	TTTGACGTCACGG
MA2412.1	ZmbZIP72	ENSXMAG00000002200|melanocyte	737	746	+	11.3252	5.3e-05	0.0435	CGTGACGTCA
MA2416.1	EREB29	ENSXMAG00000002200|melanocyte	888	897	-	10.6341	5.94e-05	0.0473	CCCGCCGACG
MA2412.1	ZmbZIP72	ENSXMAG00000002200|melanocyte	815	824	-	11.1057	5.94e-05	0.0435	GAGGACATCA
MA1266.2	RAP2-11	ENSXMAG00000002200|melanocyte	911	921	-	11.0909	7.83e-05	0.0429	CTCCGGCCGGC

# fimo --oc . --verbosity 1 --bgfile --nrdb-- --thresh 1.0E-4 JASPAR2024_CORE_non-redundant_pfms_meme.txt sequences.fa
MA2408.1	BAD1	ENSDARG00000003732|melanocyte	971	982	+	18.3367	4.63e-07	0.000975	CCCGGCCCCAGC
MA0145.2	Tfcp2l1	ENSDARG00000003732|melanocyte	972	985	+	16.6566	5.95e-07	0.00126	CCGGCCCCAGCCAG
MA1945.2	ETV5::FIGLA	ENSDARG00000003732|melanocyte	900	913	+	16.3966	1.46e-06	0.00309	AGAGGCAGCAGGTG
MA1830.2	Zm00001d015407	ENSDARG00000003732|melanocyte	146	161	-	15.968	1.76e-06	0.0031	AAAGAATATTTTTCTT
MA1385.2	AT2G40260	ENSDARG00000003732|melanocyte	152	161	+	14.5455	2e-06	0.00371	AATATTCTTT
MA1383.2	KAN2	ENSDARG00000003732|melanocyte	152	161	+	15.8286	2e-06	0.00337	AATATTCTTT
MA0107.1	RELA	ENSDARG00000003732|melanocyte	865	874	-	15.9286	3.01e-06	0.00641	GGGGGTTTCC
MA0101.1	REL	ENSDARG00000003732|melanocyte	865	874	-	14.3939	3.33e-06	0.00686	GGGGGTTTCC
MA1830.2	Zm00001d015407	ENSDARG00000003732|melanocyte	184	199	-	14.72	4.27e-06	0.00377	AATGAATATTCTAATC
MA2098.1	ZNF766	ENSDARG00000003732|melanocyte	659	667	+	15.4954	4.91e-06	0.00959	AAGAAACCT
MA1389.2	PHL1	ENSDARG00000003732|melanocyte	188	199	-	14.8636	5.51e-06	0.0116	AATGAATATTCT
MA1167.2	EFM	ENSDARG00000003732|melanocyte	188	196	+	15.2424	5.98e-06	0.012	AGAATATTC
MA1647.3	Prdm4	ENSDARG00000003732|melanocyte	862	872	+	14.789	6.03e-06	0.0125	CCTGGAAACCC
MA1204.1	AGL13	ENSDARG00000003732|melanocyte	479	496	-	13.2286	6.76e-06	0.0112	ATTCTAAATTAAGAATAA
MA1401.2	RVE7	ENSDARG00000003732|melanocyte	423	431	-	16.3788	7.28e-06	0.0132	AAAATATCT
MA1191.2	RVE7L	ENSDARG00000003732|melanocyte	423	431	-	15.4697	7.28e-06	0.0135	AAAATATCT
MA1190.2	RVE5	ENSDARG00000003732|melanocyte	423	431	+	16.2121	7.28e-06	0.0127	AGATATTTT
MA1187.2	RVE4	ENSDARG00000003732|melanocyte	423	431	+	16.5303	7.28e-06	0.0131	AGATATTTT
MA1185.2	LHY	ENSDARG00000003732|melanocyte	423	431	+	15.8636	7.28e-06	0.0137	AGATATTTT
MA1184.2	RVE1	ENSDARG00000003732|melanocyte	423	431	-	15.5909	7.28e-06	0.0131	AAAATATCT
MA1183.2	RVE6	ENSDARG00000003732|melanocyte	423	431	+	16.2273	7.28e-06	0.0132	AGATATTTT
MA1182.2	RVE8	ENSDARG00000003732|melanocyte	423	431	+	16.0758	7.28e-06	0.0131	AGATATTTT
MA0454.1	odd	ENSDARG00000003732|melanocyte	502	512	-	15.1531	7.55e-06	0.016	ACCAGTAGCCA
MA0320.1	IME1	ENSDARG00000003732|melanocyte	987	994	+	15.9143	8.13e-06	0.0173	CCGCCGAG
MA1735.2	AT2G38300	ENSDARG00000003732|melanocyte	152	161	+	13.8525	8.33e-06	0.0163	AATATTCTTT
MA1929.2	CTCF	ENSDARG00000003732|melanocyte	914	944	+	12.9106	8.44e-06	0.0175	AAGCACTACCTGTCCAGTGCACTAGGAGCCA
MA1941.2	ETV2::FIGLA	ENSDARG00000003732|melanocyte	901	913	+	13.5603	8.84e-06	0.0187	GAGGCAGCAGGTG
MA0316.2	HAP5	ENSDARG00000003732|melanocyte	815	828	+	14.0727	9.29e-06	0.0192	GTGAGCTTATTGGC
MA1707.2	DMRTA1	ENSDARG00000003732|melanocyte	700	709	+	12.8727	9.55e-06	0.0196	TTGATACAAT
MA0631.2	Six3	ENSDARG00000003732|melanocyte	334	344	+	14.0732	9.59e-06	0.0199	AAGGGATATCA
MA0377.2	SFL1	ENSDARG00000003732|melanocyte	404	413	-	12.748	1e-05	0.0201	ACAGAAGAAA
MA0155.1	INSM1	ENSDARG00000003732|melanocyte	973	984	-	14.0816	1.04e-05	0.022	TGGCTGGGGCCG
MA1166.2	PHL12	ENSDARG00000003732|melanocyte	151	162	-	14.0263	1.06e-05	0.0212	TAAAGAATATTT
MA0497.2	MEF2C	ENSDARG00000003732|melanocyte	680	690	+	14.3559	1.1e-05	0.0204	CTTAAAATAGC
MA1726.2	ZNF331	ENSDARG00000003732|melanocyte	945	954	+	13.6881	1.1e-05	0.0162	AGCTGAGCCC
MA1163.3	PHL11	ENSDARG00000003732|melanocyte	188	197	+	13.5758	1.2e-05	0.0135	AGAATATTCA
MA2199.1	bowl	ENSDARG00000003732|melanocyte	504	511	+	13.4426	1.21e-05	0.0256	GCTACTGG
MA0052.5	MEF2A	ENSDARG00000003732|melanocyte	680	689	+	13.5752	1.23e-05	0.0219	CTTAAAATAG
MA0731.1	BCL6B	ENSDARG00000003732|melanocyte	509	525	+	-7.28571	1.27e-05	0.0267	TGGTTTCCAGTAATCGC
MA0899.2	HOXA10	ENSDARG00000003732|melanocyte	554	562	+	12.78	1.33e-05	0.0234	GTAATAAAA
MA1163.3	PHL11	ENSDARG00000003732|melanocyte	188	197	-	13.5657	1.36e-05	0.0135	TGAATATTCT
MA1981.2	ZNF530	ENSDARG00000003732|melanocyte	892	905	+	12.3265	1.39e-05	0.0295	GCAGAGCCAGAGGC
MA1966.2	TFAP4::ETV1	ENSDARG00000003732|melanocyte	901	913	+	12.9675	1.43e-05	0.0302	GAGGCAGCAGGTG
MA1998.2	Prdm14	ENSDARG00000003732|melanocyte	272	279	+	14.5845	1.47e-05	0.0313	GGTCTCTA
MA1830.2	Zm00001d015407	ENSDARG00000003732|melanocyte	186	201	+	12.864	1.47e-05	0.00866	TTAGAATATTCATTTA
MA0216.2	cad	ENSDARG00000003732|melanocyte	553	563	+	13.678	1.51e-05	0.0245	AGTAATAAAAA
MA1726.2	ZNF331	ENSDARG00000003732|melanocyte	891	900	+	13.3761	1.53e-05	0.0162	AGCAGAGCCA
MA0749.2	ZBED1	ENSDARG00000003732|melanocyte	773	784	-	10.3273	1.65e-05	0.0269	TATCGCGGTATA
MA0990.2	HDG11	ENSDARG00000003732|melanocyte	716	724	-	11.7549	1.69e-05	0.0295	CATTAATGC
MA0744.3	SCRT2	ENSDARG00000003732|melanocyte	904	913	+	12.8532	1.77e-05	0.0374	GCAGCAGGTG
MA2190.1	Aef1	ENSDARG00000003732|melanocyte	299	306	-	14.6066	1.79e-05	0.0357	CAACAACA
MA0913.3	HOXD9	ENSDARG00000003732|melanocyte	554	562	+	13.86	1.82e-05	0.0343	GTAATAAAA
MA2107.1	cg	ENSDARG00000003732|melanocyte	342	352	+	12.8889	1.84e-05	0.0383	TCACACACAAA
MA1402.1	BPC6	ENSDARG00000003732|melanocyte	391	411	+	2.39474	1.85e-05	0.0345	CTAAATCTGTCTCTTTCTTCT
MA0842.3	NRL	ENSDARG00000003732|melanocyte	176	187	-	13.0426	1.88e-05	0.0385	AATCTGCTTACG
MA1335.1	TGA4	ENSDARG00000003732|melanocyte	582	592	+	13.1061	1.88e-05	0.0393	TCACATCAGCA
MA1978.2	ZNF354A	ENSDARG00000003732|melanocyte	738	757	+	12.4444	1.94e-05	0.0331	AACATATAATTGCAATAATT
MA0507.3	POU2F2	ENSDARG00000003732|melanocyte	782	794	+	11.4808	1.94e-05	0.0351	ATATGCAAAGTAA
MA1205.1	AGL6	ENSDARG00000003732|melanocyte	478	496	-	11.3333	2.02e-05	0.0329	ATTCTAAATTAAGAATAAA
MA1721.2	ZNF93	ENSDARG00000003732|melanocyte	897	910	+	11.8349	2.08e-05	0.0439	GCCAGAGGCAGCAG
MA1830.2	Zm00001d015407	ENSDARG00000003732|melanocyte	148	163	+	12.296	2.1e-05	0.00929	GAAAAATATTCTTTAA
MA1162.1	TCX2	ENSDARG00000003732|melanocyte	611	625	-	12.0746	2.16e-05	0.038	CCATAAAATTTAAAT
MA1706.2	AT1G14600	ENSDARG00000003732|melanocyte	492	499	-	11.6825	2.18e-05	0.0387	TACATTCT
MA1028.1	KAN4	ENSDARG00000003732|melanocyte	189	196	+	14.5859	2.18e-05	0.0211	GAATATTC
MA1028.1	KAN4	ENSDARG00000003732|melanocyte	189	196	-	14.5859	2.18e-05	0.0211	GAATATTC
MA1379.1	SOL1	ENSDARG00000003732|melanocyte	611	625	-	12.0597	2.19e-05	0.0389	CCATAAAATTTAAAT
MA1967.2	TFAP4::FLI1	ENSDARG00000003732|melanocyte	900	913	+	7.5	2.2e-05	0.0465	AGAGGCAGCAGGTG
MA1204.1	AGL13	ENSDARG00000003732|melanocyte	481	498	+	10.3286	2.22e-05	0.0184	ATTCTTAATTTAGAATGT
MA1810.2	GLYMA-08G357600	ENSDARG00000003732|melanocyte	216	224	-	12.5122	2.27e-05	0.0473	AAGCATGCA
MA2419.1	UB3	ENSDARG00000003732|melanocyte	877	886	+	12.6667	2.29e-05	0.0481	GAAGTACCAC
MA1369.2	HDG1	ENSDARG00000003732|melanocyte	716	725	-	13.3284	2.32e-05	0.0387	TCATTAATGC
MA1473.2	CDX4	ENSDARG00000003732|melanocyte	554	562	+	13.8936	2.41e-05	0.0467	GTAATAAAA
MA0749.2	ZBED1	ENSDARG00000003732|melanocyte	775	786	+	9.27273	2.59e-05	0.0269	TACCGCGATATG
MA2179.1	ceh-10	ENSDARG00000003732|melanocyte	350	360	-	12.0941	2.62e-05	0.0416	TTTATAATTTT
MA2310.1	fru	ENSDARG00000003732|melanocyte	551	558	+	13.8014	2.65e-05	0.0232	AAAGTAAT
MA2310.1	fru	ENSDARG00000003732|melanocyte	788	795	+	13.8014	2.65e-05	0.0232	AAAGTAAT
MA0924.1	pal-1	ENSDARG00000003732|melanocyte	328	335	+	13.3111	2.65e-05	0.0254	GTAATAAA
MA0924.1	pal-1	ENSDARG00000003732|melanocyte	554	561	+	13.3111	2.65e-05	0.0254	GTAATAAA
MA1824.2	Zm00001d005692	ENSDARG00000003732|melanocyte	750	757	+	13.0236	2.65e-05	0.0472	CAATAATT
MA1212.2	ATHB-13	ENSDARG00000003732|melanocyte	750	757	+	13.5672	2.65e-05	0.047	CAATAATT
MA1209.2	ATHB-20	ENSDARG00000003732|melanocyte	750	757	+	14.1111	2.65e-05	0.0477	CAATAATT
MA0972.1	CCA1	ENSDARG00000003732|melanocyte	423	430	-	14.7213	2.65e-05	0.0493	AAATATCT
MA0952.1	ATHB-51	ENSDARG00000003732|melanocyte	750	757	-	13.396	2.65e-05	0.0478	AATTATTG
MA1647.3	Prdm4	ENSDARG00000003732|melanocyte	509	519	-	12.3394	2.67e-05	0.0277	ACTGGAAACCA
MA0216.2	cad	ENSDARG00000003732|melanocyte	617	627	-	12.9831	2.69e-05	0.0245	ACCCATAAAAT
MA1375.2	ANL2	ENSDARG00000003732|melanocyte	716	725	+	12.8788	2.79e-05	0.0485	GCATTAATGA
MA1384.1	PHL7	ENSDARG00000003732|melanocyte	185	197	+	12.4091	3.1e-05	0.032	ATTAGAATATTCA
MA1384.1	PHL7	ENSDARG00000003732|melanocyte	150	162	-	12.3788	3.14e-05	0.032	TAAAGAATATTTT
MA1166.2	PHL12	ENSDARG00000003732|melanocyte	147	158	+	11.5789	3.27e-05	0.0328	AGAAAAATATTC
MA0878.3	CDX1	ENSDARG00000003732|melanocyte	553	562	+	12.7308	3.39e-05	0.0432	AGTAATAAAA
MA1389.2	PHL1	ENSDARG00000003732|melanocyte	148	159	+	11.9394	3.74e-05	0.0395	GAAAAATATTCT
MA1167.2	EFM	ENSDARG00000003732|melanocyte	189	197	-	12.5606	4.56e-05	0.0437	TGAATATTC
MA1380.1	TCX6	ENSDARG00000003732|melanocyte	611	625	+	10.6716	4.63e-05	0.0497	ATTTAAATTTTATGG
MA0878.3	CDX1	ENSDARG00000003732|melanocyte	244	253	+	12.0577	4.65e-05	0.0432	GGTTATAAAA
MA1163.3	PHL11	ENSDARG00000003732|melanocyte	150	159	-	11.1616	4.86e-05	0.0277	AGAATATTTT
MA2179.1	ceh-10	ENSDARG00000003732|melanocyte	611	621	+	11.4706	5.07e-05	0.0416	ATTTAAATTTT
MA1383.2	KAN2	ENSDARG00000003732|melanocyte	186	195	-	12.1286	5.34e-05	0.0323	AATATTCTAA
MA0369.2	RLM1	ENSDARG00000003732|melanocyte	482	495	+	5.88764	5.37e-05	0.0461	TTCTTAATTTAGAA
MA0369.2	RLM1	ENSDARG00000003732|melanocyte	482	495	-	5.88764	5.37e-05	0.0461	TTCTAAATTAAGAA
MA1380.1	TCX6	ENSDARG00000003732|melanocyte	285	299	+	10.2537	5.48e-05	0.0497	TTTTAAATATAATGT
MA1163.3	PHL11	ENSDARG00000003732|melanocyte	150	159	+	11.1313	5.6e-05	0.0277	AAAATATTCT
MA1810.2	GLYMA-08G357600	ENSDARG00000003732|melanocyte	220	228	-	11.4553	5.79e-05	0.0473	ATGCAAGCA
MA1166.2	PHL12	ENSDARG00000003732|melanocyte	185	196	+	10.0526	6.03e-05	0.0403	ATTAGAATATTC
MA1830.2	Zm00001d015407	ENSDARG00000003732|melanocyte	48	63	+	10.392	6.42e-05	0.0227	AGGGAATACTTTTTTG
MA1167.2	EFM	ENSDARG00000003732|melanocyte	770	778	-	11.6667	6.54e-05	0.0437	GGTATATTC
MA1810.2	GLYMA-08G357600	ENSDARG00000003732|melanocyte	215	223	+	10.8049	6.68e-05	0.0473	TTGCATGCT
MA1204.1	AGL13	ENSDARG00000003732|melanocyte	259	276	-	6.98571	7.02e-05	0.0389	AGACCTAATATGTTAAAT
MA1166.2	PHL12	ENSDARG00000003732|melanocyte	770	781	-	9.07895	8.34e-05	0.0418	CGCGGTATATTC
MA1383.2	KAN2	ENSDARG00000003732|melanocyte	190	199	+	11.3143	8.63e-05	0.0323	AATATTCATT
MA1167.2	EFM	ENSDARG00000003732|melanocyte	151	159	-	10.8636	8.9e-05	0.0445	AGAATATTT
MA1383.2	KAN2	ENSDARG00000003732|melanocyte	528	537	+	11.1429	9.36e-05	0.0323	GATATTCTCT
MA1383.2	KAN2	ENSDARG00000003732|melanocyte	478	487	+	11.1286	9.56e-05	0.0323	TTTATTCTTA

# fimo --oc . --verbosity 1 --bgfile --nrdb-- --thresh 1.0E-4 JASPAR2024_CORE_non-redundant_pfms_meme.txt sequences.fa
MA1747.2	DOF4.3	ENSDARG00000003732|melanocyte	338	350	-	17.8852	7.33e-07	0.00324	AAAAGTAACTTTA
MA0331.1	MCM1	ENSDARG00000003732|melanocyte	23	34	+	15.9388	1.06e-06	0.00472	CCCTTTTGGGAA
MA1269.2	DOF4.5	ENSDARG00000003732|melanocyte	339	351	-	15.7121	1.36e-06	0.00592	TAAAAGTAACTTT
MA1346.2	TGA10	ENSDARG00000003732|melanocyte	788	797	+	16.4091	2.4e-06	0.0107	GGTGACGTCA
MA1335.1	TGA4	ENSDARG00000003732|melanocyte	787	797	-	15.5606	3.02e-06	0.0135	TGACGTCACCG
MA1747.2	DOF4.3	ENSDARG00000003732|melanocyte	762	774	+	16.377	3.11e-06	0.00688	CAAAGAGGCTTTT
MA1475.2	CREB3L4	ENSDARG00000003732|melanocyte	789	797	+	15.371	3.31e-06	0.0146	GTGACGTCA
MA1890.1	Klf15	ENSDARG00000003732|melanocyte	861	882	+	14.878	3.44e-06	0.0148	CCCCTCCCACCCCCTTAAATAC
MA1653.2	ZNF148	ENSDARG00000003732|melanocyte	861	870	+	15.5918	3.59e-06	0.0159	CCCCTCCCAC
MA2030.2	MYB96	ENSDARG00000003732|melanocyte	60	70	-	15.1974	3.7e-06	0.0163	CCCAACTTCCA
MA0652.2	IRF8	ENSDARG00000003732|melanocyte	729	741	-	10.3269	3.71e-06	0.0164	CTAAACTGAAACT
MA1514.2	KLF17	ENSDARG00000003732|melanocyte	862	875	+	15.0102	3.81e-06	0.0168	CCCTCCCACCCCCT
MA0653.1	IRF9	ENSDARG00000003732|melanocyte	729	743	-	8.27273	4.36e-06	0.0189	GTCTAAACTGAAACT
MA0772.2	IRF7	ENSDARG00000003732|melanocyte	729	741	-	14.8065	4.5e-06	0.0196	CTAAACTGAAACT
MA2225.1	erm	ENSDARG00000003732|melanocyte	33	43	-	14.9516	4.74e-06	0.0208	GATGCTCATTT
MA0296.2	FKH1	ENSDARG00000003732|melanocyte	161	173	-	15.1129	4.87e-06	0.0214	AATCATAAACAAA
MA1140.3	JUNB	ENSDARG00000003732|melanocyte	788	798	-	14.0143	4.94e-06	0.022	TTGACGTCACC
MA1580.1	ZBTB32	ENSDARG00000003732|melanocyte	138	147	+	15.4727	6.26e-06	0.0279	AGTACAGTAT
MA1269.2	DOF4.5	ENSDARG00000003732|melanocyte	337	349	+	14.2879	6.3e-06	0.0137	TTAAAGTTACTTT
MA1419.2	IRF4	ENSDARG00000003732|melanocyte	728	741	-	9.07576	6.63e-06	0.0292	CTAAACTGAAACTG
MA1127.1	FOSB::JUN	ENSDARG00000003732|melanocyte	788	798	+	14.3846	6.73e-06	0.03	GGTGACGTCAA
MA1747.2	DOF4.3	ENSDARG00000003732|melanocyte	338	350	+	14.8525	6.76e-06	0.00997	TAAAGTTACTTTT
MA0153.2	HNF1B	ENSDARG00000003732|melanocyte	228	240	-	14.1515	7.1e-06	0.0313	GTAAATCAGTAAC
MA1438.2	atf-7	ENSDARG00000003732|melanocyte	789	797	+	14.377	7.34e-06	0.0327	GTGACGTCA
MA0046.3	HNF1A	ENSDARG00000003732|melanocyte	228	240	-	14.013	7.46e-06	0.0314	GTAAATCAGTAAC
MA1337.2	BZIP44	ENSDARG00000003732|melanocyte	383	395	-	13.1061	8.06e-06	0.0359	ATCTTACGTGTCA
MA1420.1	IRF5	ENSDARG00000003732|melanocyte	729	742	-	13.8571	8.1e-06	0.0361	TCTAAACTGAAACT
MA1522.2	MAZ	ENSDARG00000003732|melanocyte	861	868	+	16.0816	8.13e-06	0.0362	CCCCTCCC
MA1487.3	FOXE1	ENSDARG00000003732|melanocyte	834	845	+	14.2586	8.45e-06	0.0369	TAAAAAAAACAA
MA1849.2	Creb1	ENSDARG00000003732|melanocyte	789	798	+	13.1009	8.8e-06	0.0195	GTGACGTCAA
MA1849.2	Creb1	ENSDARG00000003732|melanocyte	789	798	-	13.1009	8.8e-06	0.0195	TTGACGTCAC
MA0343.2	NDT80	ENSDARG00000003732|melanocyte	884	892	-	15.055	8.94e-06	0.0393	GACACAAAA
MA1630.3	ZNF281	ENSDARG00000003732|melanocyte	865	874	-	12.5843	9.01e-06	0.0396	GGGGGTGGGA
MA0940.1	AP1	ENSDARG00000003732|melanocyte	275	287	+	13.5556	9.08e-06	0.0393	ACAAAAAAAAAAA
MA1743.2	BZIP2	ENSDARG00000003732|melanocyte	383	395	-	13.2787	9.55e-06	0.0425	ATCTTACGTGTCA
MA1951.2	FOS	ENSDARG00000003732|melanocyte	787	799	-	13.0517	9.76e-06	0.0434	TTTGACGTCACCG
MA1341.2	BZIP53	ENSDARG00000003732|melanocyte	383	395	-	12.9242	9.86e-06	0.0439	ATCTTACGTGTCA
MA2422.1	OsbZIP42	ENSDARG00000003732|melanocyte	383	392	+	13.2683	1.03e-05	0.046	TGACACGTAA
MA2204.1	CG4360	ENSDARG00000003732|melanocyte	266	278	+	5.4918	1.05e-05	0.0267	CCAACAACAACAA
MA0504.2	NR2C2	ENSDARG00000003732|melanocyte	860	873	-	13.3143	1.06e-05	0.0458	GGGGTGGGAGGGGA
MA1047.3	TGA5	ENSDARG00000003732|melanocyte	789	797	+	14.58	1.06e-05	0.0327	GTGACGTCA
MA0609.3	CREM	ENSDARG00000003732|melanocyte	789	798	+	13.521	1.19e-05	0.0265	GTGACGTCAA
MA0609.3	CREM	ENSDARG00000003732|melanocyte	789	798	-	13.521	1.19e-05	0.0265	TTGACGTCAC
MA2204.1	CG4360	ENSDARG00000003732|melanocyte	269	281	+	5.06557	1.23e-05	0.0267	ACAACAACAAAAA
MA0155.1	INSM1	ENSDARG00000003732|melanocyte	868	879	-	13.7449	1.28e-05	0.0283	TTTAAGGGGGTG
MA1876.1	Gsx	ENSDARG00000003732|melanocyte	117	136	+	12.9864	1.31e-05	0.0446	ATTATTATTTAAAAAAAATT
MA0046.3	HNF1A	ENSDARG00000003732|melanocyte	228	240	+	13.026	1.43e-05	0.0314	GTTACTGATTTAC
MA0153.2	HNF1B	ENSDARG00000003732|melanocyte	228	240	+	12.8788	1.44e-05	0.0318	GTTACTGATTTAC
MA2410.1	ZmbZIP54	ENSDARG00000003732|melanocyte	790	797	+	14.838	1.47e-05	0.0327	TGACGTCA
MA2410.1	ZmbZIP54	ENSDARG00000003732|melanocyte	790	797	-	14.838	1.47e-05	0.0327	TGACGTCA
MA1047.3	TGA5	ENSDARG00000003732|melanocyte	790	798	-	12.77	1.47e-05	0.0327	TTGACGTCA
MA2066.1	PK09021.1	ENSDARG00000003732|melanocyte	790	797	+	15	1.47e-05	0.0328	TGACGTCA
MA2066.1	PK09021.1	ENSDARG00000003732|melanocyte	790	797	-	15	1.47e-05	0.0328	TGACGTCA
MA0967.1	BZIP60	ENSDARG00000003732|melanocyte	790	797	+	14.25	1.47e-05	0.0327	TGACGTCA
MA0967.1	BZIP60	ENSDARG00000003732|melanocyte	790	797	-	14.25	1.47e-05	0.0327	TGACGTCA
MA1373.1	GAF1	ENSDARG00000003732|melanocyte	886	900	-	11.5488	1.52e-05	0.0434	AAAGAAAAGACACAA
MA1274.1	DOF3.6	ENSDARG00000003732|melanocyte	273	293	-	12.9848	1.56e-05	0.0332	AAGTCTTTTTTTTTTTTGTTG
MA1269.2	DOF4.5	ENSDARG00000003732|melanocyte	797	809	-	13.1515	1.63e-05	0.0237	ATAAAGTTCATTT
MA2210.1	CrebB	ENSDARG00000003732|melanocyte	789	798	-	13.7416	1.68e-05	0.042	TTGACGTCAC
MA2190.1	Aef1	ENSDARG00000003732|melanocyte	267	274	+	14.6066	1.79e-05	0.0391	CAACAACA
MA2190.1	Aef1	ENSDARG00000003732|melanocyte	270	277	+	14.6066	1.79e-05	0.0391	CAACAACA
MA2210.1	CrebB	ENSDARG00000003732|melanocyte	789	798	+	13.5506	1.88e-05	0.042	GTGACGTCAA
MA1373.1	GAF1	ENSDARG00000003732|melanocyte	274	288	+	10.8415	2.01e-05	0.0434	AACAAAAAAAAAAAA
MA1876.1	Gsx	ENSDARG00000003732|melanocyte	116	135	-	12.4626	2.06e-05	0.0446	ATTTTTTTTAAATAATAATT
MA2225.1	erm	ENSDARG00000003732|melanocyte	216	226	-	12.6452	2.18e-05	0.0477	GTTGTGCATTT
MA1976.2	ZNF320	ENSDARG00000003732|melanocyte	855	874	-	9.93258	3.14e-05	0.046	GGGGGTGGGAGGGGATTGCT
MA1125.2	ZNF384	ENSDARG00000003732|melanocyte	127	134	+	13.5745	3.23e-05	0.0129	AAAAAAAA
MA1125.2	ZNF384	ENSDARG00000003732|melanocyte	277	284	+	13.5745	3.23e-05	0.0129	AAAAAAAA
MA1125.2	ZNF384	ENSDARG00000003732|melanocyte	278	285	+	13.5745	3.23e-05	0.0129	AAAAAAAA
MA1125.2	ZNF384	ENSDARG00000003732|melanocyte	279	286	+	13.5745	3.23e-05	0.0129	AAAAAAAA
MA1125.2	ZNF384	ENSDARG00000003732|melanocyte	280	287	+	13.5745	3.23e-05	0.0129	AAAAAAAA
MA1125.2	ZNF384	ENSDARG00000003732|melanocyte	281	288	+	13.5745	3.23e-05	0.0129	AAAAAAAA
MA1125.2	ZNF384	ENSDARG00000003732|melanocyte	365	372	-	13.5745	3.23e-05	0.0129	AAAAAAAA
MA1125.2	ZNF384	ENSDARG00000003732|melanocyte	366	373	-	13.5745	3.23e-05	0.0129	AAAAAAAA
MA1125.2	ZNF384	ENSDARG00000003732|melanocyte	428	435	+	13.5745	3.23e-05	0.0129	AAAAAAAA
MA1125.2	ZNF384	ENSDARG00000003732|melanocyte	429	436	+	13.5745	3.23e-05	0.0129	AAAAAAAA
MA1125.2	ZNF384	ENSDARG00000003732|melanocyte	835	842	+	13.5745	3.23e-05	0.0129	AAAAAAAA
MA1274.1	DOF3.6	ENSDARG00000003732|melanocyte	562	582	+	11.7727	3.33e-05	0.0412	TTCTCTTTCCTATCTTTTGCT
MA1274.1	DOF3.6	ENSDARG00000003732|melanocyte	269	289	-	11.5152	3.87e-05	0.0412	CTTTTTTTTTTTTGTTGTTGT
MA2225.1	erm	ENSDARG00000003732|melanocyte	850	860	-	11.4516	4.39e-05	0.048	ATTGCTCTTCT
MA1125.2	ZNF384	ENSDARG00000003732|melanocyte	364	371	-	11.617	5.88e-05	0.0199	AAAAAAAC
MA1125.2	ZNF384	ENSDARG00000003732|melanocyte	836	843	+	11.617	5.88e-05	0.0199	AAAAAAAC
MA1125.2	ZNF384	ENSDARG00000003732|melanocyte	128	135	+	11.5532	9.11e-05	0.025	AAAAAAAT
MA1125.2	ZNF384	ENSDARG00000003732|melanocyte	430	437	+	11.5532	9.11e-05	0.025	AAAAAAAT
MA1125.2	ZNF384	ENSDARG00000003732|melanocyte	523	530	+	11.5532	9.11e-05	0.025	AAAAAAAT

# fimo --oc . --verbosity 1 --bgfile --nrdb-- --thresh 1.0E-4 JASPAR2024_CORE_non-redundant_pfms_meme.txt sequences.fa
MA2408.1	BAD1	ENSDARG00000003732|melanocyte	971	982	+	18.3367	4.63e-07	0.00186	CCCGGCCCCAGC
MA0145.2	Tfcp2l1	ENSDARG00000003732|melanocyte	972	985	+	16.6566	5.95e-07	0.00239	CCGGCCCCAGCCAG
MA1945.2	ETV5::FIGLA	ENSDARG00000003732|melanocyte	900	913	+	16.3966	1.46e-06	0.00591	AGAGGCAGCAGGTG
MA1830.2	Zm00001d015407	ENSDARG00000003732|melanocyte	146	161	-	15.968	1.76e-06	0.00696	AAAGAATATTTTTCTT
MA1385.2	AT2G40260	ENSDARG00000003732|melanocyte	152	161	+	14.5455	2e-06	0.00802	AATATTCTTT
MA1383.2	KAN2	ENSDARG00000003732|melanocyte	152	161	+	15.8286	2e-06	0.00777	AATATTCTTT
MA0107.1	RELA	ENSDARG00000003732|melanocyte	865	874	-	15.9286	3.01e-06	0.0123	GGGGGTTTCC
MA0101.1	REL	ENSDARG00000003732|melanocyte	865	874	-	14.3939	3.33e-06	0.0136	GGGGGTTTCC
MA1830.2	Zm00001d015407	ENSDARG00000003732|melanocyte	184	199	-	14.72	4.27e-06	0.00846	AATGAATATTCTAATC
MA2098.1	ZNF766	ENSDARG00000003732|melanocyte	659	667	+	15.4954	4.91e-06	0.0196	AAGAAACCT
MA1389.2	PHL1	ENSDARG00000003732|melanocyte	188	199	-	14.8636	5.51e-06	0.0224	AATGAATATTCT
MA1167.2	EFM	ENSDARG00000003732|melanocyte	188	196	+	15.2424	5.98e-06	0.0243	AGAATATTC
MA1647.3	Prdm4	ENSDARG00000003732|melanocyte	862	872	+	14.789	6.03e-06	0.0242	CCTGGAAACCC
MA1204.1	AGL13	ENSDARG00000003732|melanocyte	479	496	-	13.2286	6.76e-06	0.0264	ATTCTAAATTAAGAATAA
MA1401.2	RVE7	ENSDARG00000003732|melanocyte	423	431	-	16.3788	7.28e-06	0.0289	AAAATATCT
MA1191.2	RVE7L	ENSDARG00000003732|melanocyte	423	431	-	15.4697	7.28e-06	0.0286	AAAATATCT
MA1190.2	RVE5	ENSDARG00000003732|melanocyte	423	431	+	16.2121	7.28e-06	0.0286	AGATATTTT
MA1187.2	RVE4	ENSDARG00000003732|melanocyte	423	431	+	16.5303	7.28e-06	0.0286	AGATATTTT
MA1185.2	LHY	ENSDARG00000003732|melanocyte	423	431	+	15.8636	7.28e-06	0.0289	AGATATTTT
MA1184.2	RVE1	ENSDARG00000003732|melanocyte	423	431	-	15.5909	7.28e-06	0.0286	AAAATATCT
MA1183.2	RVE6	ENSDARG00000003732|melanocyte	423	431	+	16.2273	7.28e-06	0.0286	AGATATTTT
MA1182.2	RVE8	ENSDARG00000003732|melanocyte	423	431	+	16.0758	7.28e-06	0.0281	AGATATTTT
MA0454.1	odd	ENSDARG00000003732|melanocyte	502	512	-	15.1531	7.55e-06	0.0179	ACCAGTAGCCA
MA0320.1	IME1	ENSDARG00000003732|melanocyte	987	994	+	15.9143	8.13e-06	0.0332	CCGCCGAG
MA1735.2	AT2G38300	ENSDARG00000003732|melanocyte	152	161	+	13.8525	8.33e-06	0.0339	AATATTCTTT
MA1929.2	CTCF	ENSDARG00000003732|melanocyte	914	944	+	12.9106	8.44e-06	0.0336	AAGCACTACCTGTCCAGTGCACTAGGAGCCA
MA1941.2	ETV2::FIGLA	ENSDARG00000003732|melanocyte	901	913	+	13.5603	8.84e-06	0.0357	GAGGCAGCAGGTG
MA0316.2	HAP5	ENSDARG00000003732|melanocyte	815	828	+	14.0727	9.29e-06	0.0378	GTGAGCTTATTGGC
MA1707.2	DMRTA1	ENSDARG00000003732|melanocyte	700	709	+	12.8727	9.55e-06	0.0389	TTGATACAAT
MA0631.2	Six3	ENSDARG00000003732|melanocyte	334	344	+	14.0732	9.59e-06	0.0391	AAGGGATATCA
MA0377.2	SFL1	ENSDARG00000003732|melanocyte	404	413	-	12.748	1e-05	0.0408	ACAGAAGAAA
MA0155.1	INSM1	ENSDARG00000003732|melanocyte	973	984	-	14.0816	1.04e-05	0.0419	TGGCTGGGGCCG
MA1166.2	PHL12	ENSDARG00000003732|melanocyte	151	162	-	14.0263	1.06e-05	0.0431	TAAAGAATATTT
MA0497.2	MEF2C	ENSDARG00000003732|melanocyte	680	690	+	14.3559	1.1e-05	0.044	CTTAAAATAGC
MA1726.2	ZNF331	ENSDARG00000003732|melanocyte	945	954	+	13.6881	1.1e-05	0.0311	AGCTGAGCCC
MA1163.3	PHL11	ENSDARG00000003732|melanocyte	188	197	+	13.5758	1.2e-05	0.0276	AGAATATTCA
MA2199.1	bowl	ENSDARG00000003732|melanocyte	504	511	+	13.4426	1.21e-05	0.0492	GCTACTGG
MA0052.5	MEF2A	ENSDARG00000003732|melanocyte	680	689	+	13.5752	1.23e-05	0.0482	CTTAAAATAG
MA1163.3	PHL11	ENSDARG00000003732|melanocyte	188	197	-	13.5657	1.36e-05	0.0276	TGAATATTCT
MA1830.2	Zm00001d015407	ENSDARG00000003732|melanocyte	186	201	+	12.864	1.47e-05	0.0194	TTAGAATATTCATTTA
MA1726.2	ZNF331	ENSDARG00000003732|melanocyte	891	900	+	13.3761	1.53e-05	0.0311	AGCAGAGCCA
MA1721.2	ZNF93	ENSDARG00000003732|melanocyte	897	910	+	11.8349	2.08e-05	0.0277	GCCAGAGGCAGCAG
MA1830.2	Zm00001d015407	ENSDARG00000003732|melanocyte	148	163	+	12.296	2.1e-05	0.0208	GAAAAATATTCTTTAA
MA1028.1	KAN4	ENSDARG00000003732|melanocyte	189	196	+	14.5859	2.18e-05	0.0441	GAATATTC
MA1028.1	KAN4	ENSDARG00000003732|melanocyte	189	196	-	14.5859	2.18e-05	0.0441	GAATATTC
MA1204.1	AGL13	ENSDARG00000003732|melanocyte	481	498	+	10.3286	2.22e-05	0.0432	ATTCTTAATTTAGAATGT
MA2419.1	UB3	ENSDARG00000003732|melanocyte	877	886	+	12.6667	2.29e-05	0.0462	GAAGTACCAC

# fimo --oc . --verbosity 1 --bgfile --nrdb-- --thresh 1.0E-4 JASPAR2024_CORE_non-redundant_pfms_meme.txt sequences.fa
MA1404.1	BPC1	ENSXMAG00000001603|sox10|SRY-box	933	956	+	40	5.15e-14	2.33e-10	GAGAGAGAGAGAGAGAGAGAGAGT
MA1402.1	BPC6	ENSXMAG00000001603|sox10|SRY-box	933	953	-	38.6579	1.86e-13	4.29e-10	CTCTCTCTCTCTCTCTCTCTC
MA1402.1	BPC6	ENSXMAG00000001603|sox10|SRY-box	935	955	-	38.6579	1.86e-13	4.29e-10	CTCTCTCTCTCTCTCTCTCTC
MA1404.1	BPC1	ENSXMAG00000001603|sox10|SRY-box	935	958	+	36.3182	8.95e-13	2.03e-09	GAGAGAGAGAGAGAGAGAGAGTGT
MA1402.1	BPC6	ENSXMAG00000001603|sox10|SRY-box	937	957	-	35.5921	1.66e-12	2.55e-09	CACTCTCTCTCTCTCTCTCTC
MA1404.1	BPC1	ENSXMAG00000001603|sox10|SRY-box	931	954	+	34.2424	4.09e-12	6.18e-09	ACGAGAGAGAGAGAGAGAGAGAGA
MA1403.1	BPC5	ENSXMAG00000001603|sox10|SRY-box	934	963	+	23.5122	4.7e-12	1.29e-08	AGAGAGAGAGAGAGAGAGAGAGTGTCTAAG
MA1403.1	BPC5	ENSXMAG00000001603|sox10|SRY-box	938	967	+	23.0122	5.76e-12	1.29e-08	AGAGAGAGAGAGAGAGAGTGTCTAAGAGAG
MA1403.1	BPC5	ENSXMAG00000001603|sox10|SRY-box	936	965	+	21.4756	9.45e-12	1.42e-08	AGAGAGAGAGAGAGAGAGAGTGTCTAAGAG
MA1404.1	BPC1	ENSXMAG00000001603|sox10|SRY-box	961	984	+	31.4394	3.1e-11	3.52e-08	AAGAGAGAGAAATAGAGAGAGAGA
MA1403.1	BPC5	ENSXMAG00000001603|sox10|SRY-box	930	959	+	17	3.95e-11	4.44e-08	GACGAGAGAGAGAGAGAGAGAGAGAGTGTC
MA1403.1	BPC5	ENSXMAG00000001603|sox10|SRY-box	932	961	+	15.1707	6.78e-11	6.09e-08	CGAGAGAGAGAGAGAGAGAGAGAGTGTCTA
MA1403.1	BPC5	ENSXMAG00000001603|sox10|SRY-box	942	971	+	12.3293	1.51e-10	1.13e-07	AGAGAGAGAGAGAGTGTCTAAGAGAGAGAA
MA1404.1	BPC1	ENSXMAG00000001603|sox10|SRY-box	965	988	+	28.8485	1.64e-10	1.49e-07	GAGAGAAATAGAGAGAGAGAAAGG
MA1402.1	BPC6	ENSXMAG00000001603|sox10|SRY-box	931	951	-	29.0263	1.86e-10	2.15e-07	CTCTCTCTCTCTCTCTCTCGT
MA1403.1	BPC5	ENSXMAG00000001603|sox10|SRY-box	940	969	+	11.5488	1.99e-10	1.28e-07	AGAGAGAGAGAGAGAGTGTCTAAGAGAGAG
MA1404.1	BPC1	ENSXMAG00000001603|sox10|SRY-box	963	986	+	27.8788	2.98e-10	2.25e-07	GAGAGAGAAATAGAGAGAGAGAAA
MA1403.1	BPC5	ENSXMAG00000001603|sox10|SRY-box	962	991	+	9.45122	3.69e-10	1.94e-07	AGAGAGAGAAATAGAGAGAGAGAAAGGGGG
MA1403.1	BPC5	ENSXMAG00000001603|sox10|SRY-box	952	981	+	9.2561	3.88e-10	1.94e-07	AGAGTGTCTAAGAGAGAGAAATAGAGAGAG
MA1404.1	BPC1	ENSXMAG00000001603|sox10|SRY-box	937	960	+	26.803	5.64e-10	3.65e-07	GAGAGAGAGAGAGAGAGAGTGTCT
MA1404.1	BPC1	ENSXMAG00000001603|sox10|SRY-box	967	990	+	26.2576	7.72e-10	4.37e-07	GAGAAATAGAGAGAGAGAAAGGGG
MA1403.1	BPC5	ENSXMAG00000001603|sox10|SRY-box	928	957	+	5.84146	9.83e-10	4.41e-07	CGGACGAGAGAGAGAGAGAGAGAGAGAGTG
MA1402.1	BPC6	ENSXMAG00000001603|sox10|SRY-box	939	959	-	26.1184	1.08e-09	9.93e-07	GACACTCTCTCTCTCTCTCTC
MA1403.1	BPC5	ENSXMAG00000001603|sox10|SRY-box	960	989	+	4.23171	1.59e-09	6.48e-07	TAAGAGAGAGAAATAGAGAGAGAGAAAGGG
MA1402.1	BPC6	ENSXMAG00000001603|sox10|SRY-box	969	989	-	25.0658	1.94e-09	1.49e-06	CCCTTTCTCTCTCTCTATTTC
MA1402.1	BPC6	ENSXMAG00000001603|sox10|SRY-box	965	985	-	24.4342	2.74e-09	1.8e-06	TTCTCTCTCTCTATTTCTCTC
MA1402.1	BPC6	ENSXMAG00000001603|sox10|SRY-box	961	981	-	24.0921	3.29e-09	1.9e-06	CTCTCTCTATTTCTCTCTCTT
MA1416.1	RAMOSA1	ENSXMAG00000001603|sox10|SRY-box	933	946	+	25.6429	3.48e-09	3.2e-06	GAGAGAGAGAGAGA
MA1416.1	RAMOSA1	ENSXMAG00000001603|sox10|SRY-box	935	948	+	25.6429	3.48e-09	3.2e-06	GAGAGAGAGAGAGA
MA1416.1	RAMOSA1	ENSXMAG00000001603|sox10|SRY-box	937	950	+	25.6429	3.48e-09	3.2e-06	GAGAGAGAGAGAGA
MA1416.1	RAMOSA1	ENSXMAG00000001603|sox10|SRY-box	939	952	+	25.6429	3.48e-09	3.2e-06	GAGAGAGAGAGAGA
MA1416.1	RAMOSA1	ENSXMAG00000001603|sox10|SRY-box	941	954	+	25.6429	3.48e-09	3.2e-06	GAGAGAGAGAGAGA
MA1403.1	BPC5	ENSXMAG00000001603|sox10|SRY-box	966	995	+	0.926829	3.52e-09	1.32e-06	AGAGAAATAGAGAGAGAGAAAGGGGGGCAA
MA1403.1	BPC5	ENSXMAG00000001603|sox10|SRY-box	970	999	+	-0.512195	5.35e-09	1.85e-06	AAATAGAGAGAGAGAAAGGGGGGCAAAGAA
MA1402.1	BPC6	ENSXMAG00000001603|sox10|SRY-box	967	987	-	22.8684	6.25e-09	3.2e-06	CTTTCTCTCTCTCTATTTCTC
MA1403.1	BPC5	ENSXMAG00000001603|sox10|SRY-box	968	997	+	-1.2561	6.6e-09	2.11e-06	AGAAATAGAGAGAGAGAAAGGGGGGCAAAG
MA1403.1	BPC5	ENSXMAG00000001603|sox10|SRY-box	954	983	+	-1.5122	7.06e-09	2.11e-06	AGTGTCTAAGAGAGAGAAATAGAGAGAGAG
MA1404.1	BPC1	ENSXMAG00000001603|sox10|SRY-box	939	962	+	22.2121	7.09e-09	3.57e-06	GAGAGAGAGAGAGAGAGTGTCTAA
MA1403.1	BPC5	ENSXMAG00000001603|sox10|SRY-box	948	977	+	-2.09756	8.16e-09	2.24e-06	AGAGAGAGTGTCTAAGAGAGAGAAATAGAG
MA1403.1	BPC5	ENSXMAG00000001603|sox10|SRY-box	950	979	+	-2.2439	8.46e-09	2.24e-06	AGAGAGTGTCTAAGAGAGAGAAATAGAGAG
MA1404.1	BPC1	ENSXMAG00000001603|sox10|SRY-box	959	982	+	20.6212	1.59e-08	7.22e-06	CTAAGAGAGAGAAATAGAGAGAGA
MA1402.1	BPC6	ENSXMAG00000001603|sox10|SRY-box	941	961	-	20.7632	1.78e-08	8.2e-06	TAGACACTCTCTCTCTCTCTC
MA1402.1	BPC6	ENSXMAG00000001603|sox10|SRY-box	971	991	-	20.2237	2.29e-08	9.62e-06	CCCCCTTTCTCTCTCTCTATT
MA1403.1	BPC5	ENSXMAG00000001603|sox10|SRY-box	926	955	+	-7.2561	2.88e-08	7.17e-06	TCCGGACGAGAGAGAGAGAGAGAGAGAGAG
MA1404.1	BPC1	ENSXMAG00000001603|sox10|SRY-box	929	952	+	19.3939	2.92e-08	1.2e-05	GGACGAGAGAGAGAGAGAGAGAGA
MA1404.1	BPC1	ENSXMAG00000001603|sox10|SRY-box	969	992	+	18.5606	4.35e-08	1.57e-05	GAAATAGAGAGAGAGAAAGGGGGG
MA1404.1	BPC1	ENSXMAG00000001603|sox10|SRY-box	947	970	+	18.4091	4.67e-08	1.57e-05	GAGAGAGAGTGTCTAAGAGAGAGA
MA1404.1	BPC1	ENSXMAG00000001603|sox10|SRY-box	957	980	+	18.3333	4.84e-08	1.57e-05	GTCTAAGAGAGAGAAATAGAGAGA
MA1416.1	RAMOSA1	ENSXMAG00000001603|sox10|SRY-box	943	956	+	21.3571	5.32e-08	4.08e-05	GAGAGAGAGAGAGT
MA1403.1	BPC5	ENSXMAG00000001603|sox10|SRY-box	964	993	+	-10.6585	6.02e-08	1.42e-05	AGAGAGAAATAGAGAGAGAGAAAGGGGGGC
MA1402.1	BPC6	ENSXMAG00000001603|sox10|SRY-box	963	983	-	18	6.35e-08	2.44e-05	CTCTCTCTCTATTTCTCTCTC
MA1403.1	BPC5	ENSXMAG00000001603|sox10|SRY-box	958	987	+	-11.6951	7.74e-08	1.66e-05	TCTAAGAGAGAGAAATAGAGAGAGAGAAAG
MA1403.1	BPC5	ENSXMAG00000001603|sox10|SRY-box	956	985	+	-11.7073	7.77e-08	1.66e-05	TGTCTAAGAGAGAGAAATAGAGAGAGAGAA
MA1404.1	BPC1	ENSXMAG00000001603|sox10|SRY-box	975	998	+	17.1212	8.5e-08	2.57e-05	GAGAGAGAGAAAGGGGGGCAAAGA
MA1403.1	BPC5	ENSXMAG00000001603|sox10|SRY-box	944	973	+	-12.8659	1.04e-07	2.13e-05	AGAGAGAGAGAGTGTCTAAGAGAGAGAAAT
MA1404.1	BPC1	ENSXMAG00000001603|sox10|SRY-box	971	994	+	16.6667	1.05e-07	2.96e-05	AATAGAGAGAGAGAAAGGGGGGCA
MA1403.1	BPC5	ENSXMAG00000001603|sox10|SRY-box	946	975	+	-13.5366	1.22e-07	2.39e-05	AGAGAGAGAGTGTCTAAGAGAGAGAAATAG
MA1404.1	BPC1	ENSXMAG00000001603|sox10|SRY-box	973	996	+	15.6364	1.66e-07	4.42e-05	TAGAGAGAGAGAAAGGGGGGCAAA
MA1402.1	BPC6	ENSXMAG00000001603|sox10|SRY-box	929	949	-	15.7105	1.7e-07	6.01e-05	CTCTCTCTCTCTCTCTCGTCC
MA1416.1	RAMOSA1	ENSXMAG00000001603|sox10|SRY-box	931	944	+	19.1571	2.12e-07	0.00014	ACGAGAGAGAGAGA
MA0543.2	eor-1	ENSXMAG00000001603|sox10|SRY-box	934	946	+	18.3548	2.49e-07	0.00023	AGAGAGAGAGAGA
MA0543.2	eor-1	ENSXMAG00000001603|sox10|SRY-box	936	948	+	18.3548	2.49e-07	0.00023	AGAGAGAGAGAGA
MA0543.2	eor-1	ENSXMAG00000001603|sox10|SRY-box	938	950	+	18.3548	2.49e-07	0.00023	AGAGAGAGAGAGA
MA0543.2	eor-1	ENSXMAG00000001603|sox10|SRY-box	940	952	+	18.3548	2.49e-07	0.00023	AGAGAGAGAGAGA
MA0543.2	eor-1	ENSXMAG00000001603|sox10|SRY-box	942	954	+	18.3548	2.49e-07	0.00023	AGAGAGAGAGAGA
MA1700.1	Clamp	ENSXMAG00000001603|sox10|SRY-box	933	946	+	18.4128	3.03e-07	0.000256	GAGAGAGAGAGAGA
MA1700.1	Clamp	ENSXMAG00000001603|sox10|SRY-box	935	948	+	18.4128	3.03e-07	0.000256	GAGAGAGAGAGAGA
MA1700.1	Clamp	ENSXMAG00000001603|sox10|SRY-box	937	950	+	18.4128	3.03e-07	0.000256	GAGAGAGAGAGAGA
MA1700.1	Clamp	ENSXMAG00000001603|sox10|SRY-box	939	952	+	18.4128	3.03e-07	0.000256	GAGAGAGAGAGAGA
MA1700.1	Clamp	ENSXMAG00000001603|sox10|SRY-box	941	954	+	18.4128	3.03e-07	0.000256	GAGAGAGAGAGAGA
MA1416.1	RAMOSA1	ENSXMAG00000001603|sox10|SRY-box	971	984	+	18.5286	3.2e-07	0.000184	AATAGAGAGAGAGA
MA1402.1	BPC6	ENSXMAG00000001603|sox10|SRY-box	943	963	-	13.9605	3.45e-07	0.000114	CTTAGACACTCTCTCTCTCTC
MA1416.1	RAMOSA1	ENSXMAG00000001603|sox10|SRY-box	973	986	+	18.2857	3.69e-07	0.000189	TAGAGAGAGAGAAA
MA1402.1	BPC6	ENSXMAG00000001603|sox10|SRY-box	975	995	-	13.6974	3.83e-07	0.000118	TTGCCCCCCTTTCTCTCTCTC
MA2367.1	WIP5	ENSXMAG00000001603|sox10|SRY-box	547	559	-	15.7903	4.64e-07	0.00214	ACCTGGAGCAGAA
MA1402.1	BPC6	ENSXMAG00000001603|sox10|SRY-box	973	993	-	13.1711	4.71e-07	0.000136	GCCCCCCTTTCTCTCTCTCTA
MA2408.1	BAD1	ENSXMAG00000001603|sox10|SRY-box	344	355	+	17.6327	7.45e-07	0.00239	CCGGGCCCCCAT
MA1404.1	BPC1	ENSXMAG00000001603|sox10|SRY-box	949	972	+	12.0758	7.51e-07	0.000181	GAGAGAGTGTCTAAGAGAGAGAAA
MA1404.1	BPC1	ENSXMAG00000001603|sox10|SRY-box	943	966	+	12.0455	7.6e-07	0.000181	GAGAGAGAGAGAGTGTCTAAGAGA
MA1403.1	BPC5	ENSXMAG00000001603|sox10|SRY-box	922	951	+	-22.2927	7.61e-07	0.000137	GTACTCCGGACGAGAGAGAGAGAGAGAGAG
MA1416.1	RAMOSA1	ENSXMAG00000001603|sox10|SRY-box	969	982	+	16.8429	8.42e-07	0.000388	GAAATAGAGAGAGA
MA1404.1	BPC1	ENSXMAG00000001603|sox10|SRY-box	977	1000	+	11.7727	8.49e-07	0.000192	GAGAGAGAAAGGGGGGCAAAGAAG
MA0139.2	CTCF	ENSXMAG00000001603|sox10|SRY-box	59	73	+	17.0984	9.48e-07	0.00432	TCCACTGGGGGGCGC
MA1416.1	RAMOSA1	ENSXMAG00000001603|sox10|SRY-box	929	942	+	16.1571	1.21e-06	0.000471	GGACGAGAGAGAGA
MA1403.1	BPC5	ENSXMAG00000001603|sox10|SRY-box	924	953	+	-24.6463	1.26e-06	0.000218	ACTCCGGACGAGAGAGAGAGAGAGAGAGAG
MA1416.1	RAMOSA1	ENSXMAG00000001603|sox10|SRY-box	592	605	+	16.0714	1.28e-06	0.000471	GCAGGAGAGAGAGA
MA1404.1	BPC1	ENSXMAG00000001603|sox10|SRY-box	927	950	+	10.6515	1.33e-06	0.000286	CCGGACGAGAGAGAGAGAGAGAGA
MA1416.1	RAMOSA1	ENSXMAG00000001603|sox10|SRY-box	945	958	+	15.9857	1.33e-06	0.000471	GAGAGAGAGAGTGT
MA1761.2	HSFB3	ENSXMAG00000001603|sox10|SRY-box	22	33	-	16.4262	1.54e-06	0.00724	AACCTTCCAGAA
MA0543.2	eor-1	ENSXMAG00000001603|sox10|SRY-box	974	986	+	16.3065	1.54e-06	0.00119	AGAGAGAGAGAAA
MA2246.1	Jra	ENSXMAG00000001603|sox10|SRY-box	847	856	-	16.0656	1.82e-06	0.00849	ATGACTCACC
MA1402.1	BPC6	ENSXMAG00000001603|sox10|SRY-box	592	612	-	9.19737	2.04e-06	0.000554	TTCCCGTTCTCTCTCTCCTGC
MA0080.7	Spi1	ENSXMAG00000001603|sox10|SRY-box	616	628	+	15.6748	2.27e-06	0.0103	AGAAAGGAAGTGG
MA0081.3	SPIB	ENSXMAG00000001603|sox10|SRY-box	616	628	-	15.8455	2.3e-06	0.0105	CCACTTCCTTTCT
MA1404.1	BPC1	ENSXMAG00000001603|sox10|SRY-box	941	964	+	9.09091	2.42e-06	0.000499	GAGAGAGAGAGAGAGTGTCTAAGA
MA1771.2	MYB41	ENSXMAG00000001603|sox10|SRY-box	141	150	+	14.8852	3.36e-06	0.0159	TTACCTAACT
MA2204.1	CG4360	ENSXMAG00000001603|sox10|SRY-box	310	322	-	14.5082	3.42e-06	0.0161	ACAGCAACATAAC
MA0543.2	eor-1	ENSXMAG00000001603|sox10|SRY-box	932	944	+	15.2419	3.58e-06	0.00237	CGAGAGAGAGAGA
MA1723.2	PRDM9	ENSXMAG00000001603|sox10|SRY-box	978	997	+	15.0612	3.7e-06	0.0161	AGAGAGAAAGGGGGGCAAAG
MA0205.3	Trl	ENSXMAG00000001603|sox10|SRY-box	961	969	+	15.6327	4.03e-06	0.00312	AAGAGAGAG
MA1700.1	Clamp	ENSXMAG00000001603|sox10|SRY-box	943	956	+	14.945	4.06e-06	0.00279	GAGAGAGAGAGAGT
MA0149.1	EWSR1-FLI1	ENSXMAG00000001603|sox10|SRY-box	609	626	+	-1.11842	4.16e-06	0.018	GGAAGTCAGAAAGGAAGT
MA1416.1	RAMOSA1	ENSXMAG00000001603|sox10|SRY-box	594	607	+	13.5143	4.21e-06	0.00138	AGGAGAGAGAGAAC
MA1403.1	BPC5	ENSXMAG00000001603|sox10|SRY-box	610	639	+	-30.878	4.24e-06	0.00068	GAAGTCAGAAAGGAAGTGGGACTGGGTGAG
MA2028.2	MYB49	ENSXMAG00000001603|sox10|SRY-box	141	151	+	14.9605	4.31e-06	0.0203	TTACCTAACTG
MA1777.2	MYB74	ENSXMAG00000001603|sox10|SRY-box	140	150	+	15.082	4.69e-06	0.0221	TTTACCTAACT
MA0543.2	eor-1	ENSXMAG00000001603|sox10|SRY-box	966	978	+	14.8871	4.81e-06	0.00278	AGAGAAATAGAGA
MA1765.2	MYB121	ENSXMAG00000001603|sox10|SRY-box	142	150	+	14.6557	4.91e-06	0.0232	TACCTAACT
MA1700.1	Clamp	ENSXMAG00000001603|sox10|SRY-box	931	944	+	14.6697	4.91e-06	0.00279	ACGAGAGAGAGAGA
MA1700.1	Clamp	ENSXMAG00000001603|sox10|SRY-box	929	942	+	14.5596	5.27e-06	0.00279	GGACGAGAGAGAGA
MA1402.1	BPC6	ENSXMAG00000001603|sox10|SRY-box	955	975	-	6.27632	5.5e-06	0.00138	CTATTTCTCTCTCTTAGACAC
MA0841.2	NFE2	ENSXMAG00000001603|sox10|SRY-box	847	856	-	15.6122	5.58e-06	0.0262	ATGACTCACC
MA1402.1	BPC6	ENSXMAG00000001603|sox10|SRY-box	945	965	-	6.17105	5.7e-06	0.00138	CTCTTAGACACTCTCTCTCTC
MA0506.3	Nrf1	ENSXMAG00000001603|sox10|SRY-box	762	773	-	14.3008	5.9e-06	0.0213	CTGAGCCTGCGT
MA0543.2	eor-1	ENSXMAG00000001603|sox10|SRY-box	944	956	+	14.5323	5.93e-06	0.00305	AGAGAGAGAGAGT
MA1430.2	TB1	ENSXMAG00000001603|sox10|SRY-box	346	354	+	14.918	6.67e-06	0.0273	GGGCCCCCA
MA1548.2	PLAGL2	ENSXMAG00000001603|sox10|SRY-box	346	353	+	15.6721	6.67e-06	0.0253	GGGCCCCC
MA1714.2	ZNF675	ENSXMAG00000001603|sox10|SRY-box	543	561	-	13.8333	6.7e-06	0.0312	GGACCTGGAGCAGAAAATG
MA1416.1	RAMOSA1	ENSXMAG00000001603|sox10|SRY-box	975	988	+	12.3857	6.89e-06	0.00211	GAGAGAGAGAAAGG
MA0390.2	STB3	ENSXMAG00000001603|sox10|SRY-box	166	176	+	14.7377	7.28e-06	0.0343	ATTTTTTCAGT
MA0205.3	Trl	ENSXMAG00000001603|sox10|SRY-box	596	604	+	14.8061	7.34e-06	0.00312	GAGAGAGAG
MA0205.3	Trl	ENSXMAG00000001603|sox10|SRY-box	933	941	+	14.8061	7.34e-06	0.00312	GAGAGAGAG
MA0205.3	Trl	ENSXMAG00000001603|sox10|SRY-box	935	943	+	14.8061	7.34e-06	0.00312	GAGAGAGAG
MA0205.3	Trl	ENSXMAG00000001603|sox10|SRY-box	937	945	+	14.8061	7.34e-06	0.00312	GAGAGAGAG
MA0205.3	Trl	ENSXMAG00000001603|sox10|SRY-box	939	947	+	14.8061	7.34e-06	0.00312	GAGAGAGAG
MA0205.3	Trl	ENSXMAG00000001603|sox10|SRY-box	941	949	+	14.8061	7.34e-06	0.00312	GAGAGAGAG
MA0205.3	Trl	ENSXMAG00000001603|sox10|SRY-box	943	951	+	14.8061	7.34e-06	0.00312	GAGAGAGAG
MA0205.3	Trl	ENSXMAG00000001603|sox10|SRY-box	945	953	+	14.8061	7.34e-06	0.00312	GAGAGAGAG
MA0205.3	Trl	ENSXMAG00000001603|sox10|SRY-box	947	955	+	14.8061	7.34e-06	0.00312	GAGAGAGAG
MA0205.3	Trl	ENSXMAG00000001603|sox10|SRY-box	975	983	+	14.8061	7.34e-06	0.00312	GAGAGAGAG
MA1690.2	ARF25	ENSXMAG00000001603|sox10|SRY-box	984	995	+	14.2857	7.62e-06	0.016	AAAGGGGGGCAA
MA1718.1	ZNF8	ENSXMAG00000001603|sox10|SRY-box	125	144	-	10.3171	8.05e-06	0.0378	GTAAAGCTATACAACAATGT
MA1764.2	MYB116	ENSXMAG00000001603|sox10|SRY-box	29	38	-	14.9672	8.3e-06	0.0392	TGCCTAACCT
MA0082.2	squamosa	ENSXMAG00000001603|sox10|SRY-box	296	308	-	13.7667	8.73e-06	0.0411	ATATAAATAGTAA
MA0847.4	FOXD2	ENSXMAG00000001603|sox10|SRY-box	403	413	+	14.2542	8.83e-06	0.0415	TTACACAAACA
MA1929.2	CTCF	ENSXMAG00000001603|sox10|SRY-box	42	72	+	12.813	8.91e-06	0.0182	TTAAAGGGGCCATGGCGTCCACTGGGGGGCG
MA1130.2	FOSL2::JUN	ENSXMAG00000001603|sox10|SRY-box	848	856	+	14.2581	8.94e-06	0.0422	GTGAGTCAT
MA1134.2	FOS::JUNB	ENSXMAG00000001603|sox10|SRY-box	848	856	+	14.3889	8.94e-06	0.0422	GTGAGTCAT
MA1633.2	BACH1	ENSXMAG00000001603|sox10|SRY-box	848	856	-	14.6809	8.94e-06	0.0422	ATGACTCAC
MA0478.2	FOSL2	ENSXMAG00000001603|sox10|SRY-box	847	856	+	14.8545	8.99e-06	0.0211	GGTGAGTCAT
MA1932.2	ELK1::HOXB13	ENSXMAG00000001603|sox10|SRY-box	606	620	+	12.6538	9.3e-06	0.0432	ACGGGAAGTCAGAAA
MA2107.1	cg	ENSXMAG00000001603|sox10|SRY-box	229	239	+	13.9798	9.48e-06	0.0447	ACATACACACA
MA1770.2	MYB40	ENSXMAG00000001603|sox10|SRY-box	140	149	+	14	1.03e-05	0.0488	TTTACCTAAC
MA1760.1	HSFA6A	ENSXMAG00000001603|sox10|SRY-box	375	387	+	11.6885	1.05e-05	0.0494	GAATTTTCTGGAG
MA1958.2	HOXD12::ELK1	ENSXMAG00000001603|sox10|SRY-box	608	620	+	10.9091	1.05e-05	0.0496	GGGAAGTCAGAAA
MA1402.1	BPC6	ENSXMAG00000001603|sox10|SRY-box	959	979	-	4.18421	1.07e-05	0.00247	CTCTCTATTTCTCTCTCTTAG
MA1987.2	ZNF701	ENSXMAG00000001603|sox10|SRY-box	977	993	+	12.9725	1.08e-05	0.0449	GAGAGAGAAAGGGGGGC
MA1711.2	ZNF343	ENSXMAG00000001603|sox10|SRY-box	835	850	+	11.3617	1.16e-05	0.0172	GAGCTTCCGCTCGGTG
MA1416.1	RAMOSA1	ENSXMAG00000001603|sox10|SRY-box	959	972	+	10.9857	1.23e-05	0.00353	CTAAGAGAGAGAAA
MA0062.4	GABPA	ENSXMAG00000001603|sox10|SRY-box	618	627	-	13.6	1.27e-05	0.0291	CACTTCCTTT
MA1402.1	BPC6	ENSXMAG00000001603|sox10|SRY-box	947	967	-	3.51316	1.32e-05	0.0029	CTCTCTTAGACACTCTCTCTC
MA1416.1	RAMOSA1	ENSXMAG00000001603|sox10|SRY-box	967	980	+	10.6571	1.4e-05	0.00378	GAGAAATAGAGAGA
MA0474.4	Erg	ENSXMAG00000001603|sox10|SRY-box	618	627	+	13.187	1.44e-05	0.0325	AAAGGAAGTG
MA1700.1	Clamp	ENSXMAG00000001603|sox10|SRY-box	592	605	+	12.9266	1.44e-05	0.0062	GCAGGAGAGAGAGA
MA1758.2	HSFA1E	ENSXMAG00000001603|sox10|SRY-box	374	387	+	12.0984	1.46e-05	0.0437	GGAATTTTCTGGAG
MA1700.1	Clamp	ENSXMAG00000001603|sox10|SRY-box	975	988	+	12.8899	1.46e-05	0.0062	GAGAGAGAGAAAGG
MA0640.3	ELF3	ENSXMAG00000001603|sox10|SRY-box	619	627	-	13.75	1.47e-05	0.0335	CACTTCCTT
MA0598.4	EHF	ENSXMAG00000001603|sox10|SRY-box	619	627	-	13.6829	1.47e-05	0.0338	CACTTCCTT
MA2344.1	REV	ENSXMAG00000001603|sox10|SRY-box	423	436	-	12.9306	1.54e-05	0.00423	TATTATTATTATTA
MA2344.1	REV	ENSXMAG00000001603|sox10|SRY-box	426	439	-	12.9306	1.54e-05	0.00423	TATTATTATTATTA
MA2344.1	REV	ENSXMAG00000001603|sox10|SRY-box	429	442	-	12.9306	1.54e-05	0.00423	TATTATTATTATTA
MA2344.1	REV	ENSXMAG00000001603|sox10|SRY-box	432	445	-	12.9306	1.54e-05	0.00423	TATTATTATTATTA
MA2344.1	REV	ENSXMAG00000001603|sox10|SRY-box	435	448	-	12.9306	1.54e-05	0.00423	TATTATTATTATTA
MA2344.1	REV	ENSXMAG00000001603|sox10|SRY-box	438	451	-	12.9306	1.54e-05	0.00423	TATTATTATTATTA
MA2344.1	REV	ENSXMAG00000001603|sox10|SRY-box	441	454	-	12.9306	1.54e-05	0.00423	TATTATTATTATTA
MA2344.1	REV	ENSXMAG00000001603|sox10|SRY-box	444	457	-	12.9306	1.54e-05	0.00423	TATTATTATTATTA
MA2344.1	REV	ENSXMAG00000001603|sox10|SRY-box	447	460	-	12.9306	1.54e-05	0.00423	TATTATTATTATTA
MA2344.1	REV	ENSXMAG00000001603|sox10|SRY-box	450	463	-	12.9306	1.54e-05	0.00423	TATTATTATTATTA
MA2344.1	REV	ENSXMAG00000001603|sox10|SRY-box	453	466	-	12.9306	1.54e-05	0.00423	TATTATTATTATTA
MA2344.1	REV	ENSXMAG00000001603|sox10|SRY-box	456	469	-	12.9306	1.54e-05	0.00423	TATTATTATTATTA
MA2344.1	REV	ENSXMAG00000001603|sox10|SRY-box	459	472	-	12.9306	1.54e-05	0.00423	TATTATTATTATTA
MA2344.1	REV	ENSXMAG00000001603|sox10|SRY-box	462	475	-	12.9306	1.54e-05	0.00423	TATTATTATTATTA
MA2344.1	REV	ENSXMAG00000001603|sox10|SRY-box	465	478	-	12.9306	1.54e-05	0.00423	TATTATTATTATTA
MA2344.1	REV	ENSXMAG00000001603|sox10|SRY-box	468	481	-	12.9306	1.54e-05	0.00423	TATTATTATTATTA
MA2344.1	REV	ENSXMAG00000001603|sox10|SRY-box	471	484	-	12.9306	1.54e-05	0.00423	TATTATTATTATTA
MA2248.1	kay	ENSXMAG00000001603|sox10|SRY-box	847	857	+	13.5968	1.62e-05	0.0414	GGTGAGTCATT
MA0205.3	Trl	ENSXMAG00000001603|sox10|SRY-box	598	606	+	13.5102	1.63e-05	0.00544	GAGAGAGAA
MA0205.3	Trl	ENSXMAG00000001603|sox10|SRY-box	963	971	+	13.5102	1.63e-05	0.00544	GAGAGAGAA
MA0205.3	Trl	ENSXMAG00000001603|sox10|SRY-box	977	985	+	13.5102	1.63e-05	0.00544	GAGAGAGAA
MA0478.2	FOSL2	ENSXMAG00000001603|sox10|SRY-box	848	857	-	14.3455	1.71e-05	0.0267	AATGACTCAC
MA1723.2	PRDM9	ENSXMAG00000001603|sox10|SRY-box	812	831	+	12.3469	1.73e-05	0.0215	GGAGGCCAAAGAGACAGAAG
MA2248.1	kay	ENSXMAG00000001603|sox10|SRY-box	847	857	-	13.4032	1.76e-05	0.0414	AATGACTCACC
MA1402.1	BPC6	ENSXMAG00000001603|sox10|SRY-box	957	977	-	2.53947	1.77e-05	0.00371	CTCTATTTCTCTCTCTTAGAC
MA1930.2	CTCF	ENSXMAG00000001603|sox10|SRY-box	41	73	+	10.2294	1.85e-05	0.0356	TTTAAAGGGGCCATGGCGTCCACTGGGGGGCGC
MA1758.2	HSFA1E	ENSXMAG00000001603|sox10|SRY-box	112	125	+	11.5902	1.86e-05	0.0437	AGAATAATGTAGAA
MA1402.1	BPC6	ENSXMAG00000001603|sox10|SRY-box	927	947	-	2.19737	1.96e-05	0.00393	CTCTCTCTCTCTCTCGTCCGG
MA2285.1	sug	ENSXMAG00000001603|sox10|SRY-box	60	71	-	12.7049	2.11e-05	0.0486	GCCCCCCAGTGG
MA1404.1	BPC1	ENSXMAG00000001603|sox10|SRY-box	615	638	+	2.69697	2.3e-05	0.00416	CAGAAAGGAAGTGGGACTGGGTGA
MA0537.1	blmp-1	ENSXMAG00000001603|sox10|SRY-box	977	987	+	13.2909	2.41e-05	0.014	GAGAGAGAAAG
MA1723.2	PRDM9	ENSXMAG00000001603|sox10|SRY-box	979	998	+	11.6531	2.47e-05	0.0215	GAGAGAAAGGGGGGCAAAGA
MA0543.2	eor-1	ENSXMAG00000001603|sox10|SRY-box	968	980	+	12.2097	2.57e-05	0.0119	AGAAATAGAGAGA
MA1700.1	Clamp	ENSXMAG00000001603|sox10|SRY-box	973	986	+	11.7706	2.75e-05	0.00971	TAGAGAGAGAGAAA
MA0543.2	eor-1	ENSXMAG00000001603|sox10|SRY-box	976	988	+	12	2.9e-05	0.0122	AGAGAGAGAAAGG
MA1403.1	BPC5	ENSXMAG00000001603|sox10|SRY-box	920	949	+	-41.939	2.98e-05	0.00432	TGGTACTCCGGACGAGAGAGAGAGAGAGAG
MA0537.1	blmp-1	ENSXMAG00000001603|sox10|SRY-box	961	971	+	12.7455	2.99e-05	0.014	AAGAGAGAGAA
MA1404.1	BPC1	ENSXMAG00000001603|sox10|SRY-box	953	976	+	1.72727	3.14e-05	0.00547	GAGTGTCTAAGAGAGAGAAATAGA
MA0537.1	blmp-1	ENSXMAG00000001603|sox10|SRY-box	596	606	+	12.6364	3.43e-05	0.014	GAGAGAGAGAA
MA0537.1	blmp-1	ENSXMAG00000001603|sox10|SRY-box	975	985	+	12.6364	3.43e-05	0.014	GAGAGAGAGAA
MA1700.1	Clamp	ENSXMAG00000001603|sox10|SRY-box	945	958	+	11.3028	3.54e-05	0.0115	GAGAGAGAGAGTGT
MA0537.1	blmp-1	ENSXMAG00000001603|sox10|SRY-box	969	979	+	12.6182	3.56e-05	0.014	GAAATAGAGAG
MA1404.1	BPC1	ENSXMAG00000001603|sox10|SRY-box	925	948	+	1.28788	3.61e-05	0.00606	CTCCGGACGAGAGAGAGAGAGAGA
MA0537.1	blmp-1	ENSXMAG00000001603|sox10|SRY-box	933	943	+	12.6	3.64e-05	0.014	GAGAGAGAGAG
MA0537.1	blmp-1	ENSXMAG00000001603|sox10|SRY-box	935	945	+	12.6	3.64e-05	0.014	GAGAGAGAGAG
MA0537.1	blmp-1	ENSXMAG00000001603|sox10|SRY-box	937	947	+	12.6	3.64e-05	0.014	GAGAGAGAGAG
MA0537.1	blmp-1	ENSXMAG00000001603|sox10|SRY-box	939	949	+	12.6	3.64e-05	0.014	GAGAGAGAGAG
MA0537.1	blmp-1	ENSXMAG00000001603|sox10|SRY-box	941	951	+	12.6	3.64e-05	0.014	GAGAGAGAGAG
MA0537.1	blmp-1	ENSXMAG00000001603|sox10|SRY-box	943	953	+	12.6	3.64e-05	0.014	GAGAGAGAGAG
MA0537.1	blmp-1	ENSXMAG00000001603|sox10|SRY-box	945	955	+	12.6	3.64e-05	0.014	GAGAGAGAGAG
MA1402.1	BPC6	ENSXMAG00000001603|sox10|SRY-box	594	614	-	-0.118421	3.83e-05	0.00737	ACTTCCCGTTCTCTCTCTCCT
MA0543.2	eor-1	ENSXMAG00000001603|sox10|SRY-box	978	990	+	11.5	3.88e-05	0.015	AGAGAGAAAGGGG
MA1416.1	RAMOSA1	ENSXMAG00000001603|sox10|SRY-box	977	990	+	7.91429	3.94e-05	0.0101	GAGAGAGAAAGGGG
MA1404.1	BPC1	ENSXMAG00000001603|sox10|SRY-box	955	978	+	0.878788	4.1e-05	0.00653	GTGTCTAAGAGAGAGAAATAGAGA
MA1700.1	Clamp	ENSXMAG00000001603|sox10|SRY-box	971	984	+	11.0183	4.12e-05	0.0125	AATAGAGAGAGAGA
MA1416.1	RAMOSA1	ENSXMAG00000001603|sox10|SRY-box	596	609	+	7.74286	4.19e-05	0.0102	GAGAGAGAGAACGG
MA1404.1	BPC1	ENSXMAG00000001603|sox10|SRY-box	945	968	+	0.787879	4.22e-05	0.00653	GAGAGAGAGAGTGTCTAAGAGAGA
MA1404.1	BPC1	ENSXMAG00000001603|sox10|SRY-box	596	619	+	0.712121	4.32e-05	0.00653	GAGAGAGAGAACGGGAAGTCAGAA
MA0543.2	eor-1	ENSXMAG00000001603|sox10|SRY-box	819	831	+	11.2742	4.38e-05	0.0156	AAAGAGACAGAAG
MA1700.1	Clamp	ENSXMAG00000001603|sox10|SRY-box	596	609	+	10.5596	5.25e-05	0.0148	GAGAGAGAGAACGG
MA1416.1	RAMOSA1	ENSXMAG00000001603|sox10|SRY-box	961	974	+	6.91429	5.63e-05	0.013	AAGAGAGAGAAATA
MA1402.1	BPC6	ENSXMAG00000001603|sox10|SRY-box	979	999	-	-1.75	6.02e-05	0.0107	TTCTTTGCCCCCCTTTCTCTC
MA1403.1	BPC5	ENSXMAG00000001603|sox10|SRY-box	608	637	+	-46.4024	6.16e-05	0.00838	GGGAAGTCAGAAAGGAAGTGGGACTGGGTG
MA0205.3	Trl	ENSXMAG00000001603|sox10|SRY-box	973	981	+	11.6122	6.4e-05	0.02	TAGAGAGAG
MA2344.1	REV	ENSXMAG00000001603|sox10|SRY-box	474	487	-	10.4583	6.59e-05	0.00906	TGTTATTATTATTA
MA2344.1	REV	ENSXMAG00000001603|sox10|SRY-box	424	437	+	10.4028	6.79e-05	0.00906	AATAATAATAATAA
MA2344.1	REV	ENSXMAG00000001603|sox10|SRY-box	427	440	+	10.4028	6.79e-05	0.00906	AATAATAATAATAA
MA2344.1	REV	ENSXMAG00000001603|sox10|SRY-box	430	443	+	10.4028	6.79e-05	0.00906	AATAATAATAATAA
MA2344.1	REV	ENSXMAG00000001603|sox10|SRY-box	433	446	+	10.4028	6.79e-05	0.00906	AATAATAATAATAA
MA2344.1	REV	ENSXMAG00000001603|sox10|SRY-box	436	449	+	10.4028	6.79e-05	0.00906	AATAATAATAATAA
MA2344.1	REV	ENSXMAG00000001603|sox10|SRY-box	439	452	+	10.4028	6.79e-05	0.00906	AATAATAATAATAA
MA2344.1	REV	ENSXMAG00000001603|sox10|SRY-box	442	455	+	10.4028	6.79e-05	0.00906	AATAATAATAATAA
MA2344.1	REV	ENSXMAG00000001603|sox10|SRY-box	445	458	+	10.4028	6.79e-05	0.00906	AATAATAATAATAA
MA2344.1	REV	ENSXMAG00000001603|sox10|SRY-box	448	461	+	10.4028	6.79e-05	0.00906	AATAATAATAATAA
MA2344.1	REV	ENSXMAG00000001603|sox10|SRY-box	451	464	+	10.4028	6.79e-05	0.00906	AATAATAATAATAA
MA2344.1	REV	ENSXMAG00000001603|sox10|SRY-box	454	467	+	10.4028	6.79e-05	0.00906	AATAATAATAATAA
MA2344.1	REV	ENSXMAG00000001603|sox10|SRY-box	457	470	+	10.4028	6.79e-05	0.00906	AATAATAATAATAA
MA2344.1	REV	ENSXMAG00000001603|sox10|SRY-box	460	473	+	10.4028	6.79e-05	0.00906	AATAATAATAATAA
MA2344.1	REV	ENSXMAG00000001603|sox10|SRY-box	463	476	+	10.4028	6.79e-05	0.00906	AATAATAATAATAA
MA2344.1	REV	ENSXMAG00000001603|sox10|SRY-box	466	479	+	10.4028	6.79e-05	0.00906	AATAATAATAATAA
MA2344.1	REV	ENSXMAG00000001603|sox10|SRY-box	469	482	+	10.4028	6.79e-05	0.00906	AATAATAATAATAA
MA2344.1	REV	ENSXMAG00000001603|sox10|SRY-box	472	485	+	10.4028	6.79e-05	0.00906	AATAATAATAATAA
MA1402.1	BPC6	ENSXMAG00000001603|sox10|SRY-box	977	997	-	-2.28947	6.96e-05	0.0119	CTTTGCCCCCCTTTCTCTCTC
MA0205.3	Trl	ENSXMAG00000001603|sox10|SRY-box	949	957	+	11.1837	7.47e-05	0.0218	GAGAGAGTG
MA0543.2	eor-1	ENSXMAG00000001603|sox10|SRY-box	972	984	+	10.2742	7.52e-05	0.0249	ATAGAGAGAGAGA
MA0537.1	blmp-1	ENSXMAG00000001603|sox10|SRY-box	827	837	+	11.0909	7.67e-05	0.0272	AGAAGGGAGAG
MA1700.1	Clamp	ENSXMAG00000001603|sox10|SRY-box	594	607	+	9.77982	7.8e-05	0.0206	AGGAGAGAGAGAAC
MA1403.1	BPC5	ENSXMAG00000001603|sox10|SRY-box	914	943	+	-47.9756	7.98e-05	0.0105	AGAGTTTGGTACTCCGGACGAGAGAGAGAG
MA1416.1	RAMOSA1	ENSXMAG00000001603|sox10|SRY-box	957	970	+	5.62857	8.62e-05	0.018	GTCTAAGAGAGAGA

# fimo --oc . --verbosity 1 --bgfile --nrdb-- --thresh 1.0E-4 JASPAR2024_CORE_non-redundant_pfms_meme.txt sequences.fa
MA2107.1	cg	ENSDARG00000077467|SRY-box	446	456	+	19.3333	2.49e-07	0.00121	ACACACACACA
MA2107.1	cg	ENSDARG00000077467|SRY-box	448	458	+	17.2323	5.53e-07	0.00134	ACACACACATA
MA0010.2	br	ENSDARG00000077467|SRY-box	864	875	+	15.6937	6.5e-07	0.00318	TAATAAACAAAA
MA1713.2	ZNF610	ENSDARG00000077467|SRY-box	315	324	+	17.949	8.26e-07	0.003	GCGCCGCTCC
MA2107.1	cg	ENSDARG00000077467|SRY-box	741	751	-	16.9798	1.06e-06	0.00172	ATACACACACA
MA1978.2	ZNF354A	ENSDARG00000077467|SRY-box	915	934	-	15.5317	1.22e-06	0.00596	TAAATATAAATGTATTTATT
MA2107.1	cg	ENSDARG00000077467|SRY-box	739	749	-	16.6263	1.52e-06	0.00184	ACACACACAGA
MA2344.1	REV	ENSDARG00000077467|SRY-box	710	723	-	16.1111	1.61e-06	0.00788	AATAATCATTGTTA
MA1373.1	GAF1	ENSDARG00000077467|SRY-box	236	250	-	15.5488	2.51e-06	0.0123	CAGAAGAAGAAAAAA
MA1699.2	ceh-38	ENSDARG00000077467|SRY-box	135	148	-	14.7041	2.84e-06	0.0139	AAAAATCAATCAAA
MA1296.2	WRKY46	ENSDARG00000077467|SRY-box	530	539	-	16.0204	3.36e-06	0.0164	CTTTGACTTT
MA1978.2	ZNF354A	ENSDARG00000077467|SRY-box	907	926	+	14.4603	3.43e-06	0.00837	AAAGTATAAATAAATACATT
MA0013.1	br	ENSDARG00000077467|SRY-box	864	874	+	13.8268	3.54e-06	0.0173	TAATAAACAAA
MA1301.2	WRKY33	ENSDARG00000077467|SRY-box	530	539	+	15.3636	3.56e-06	0.0174	AAAGTCAAAG
MA1026.3	ATHB-15	ENSDARG00000077467|SRY-box	709	721	+	15.5821	3.73e-06	0.0182	ATAACAATGATTA
MA0538.2	daf-12	ENSDARG00000077467|SRY-box	446	459	-	15.3289	4.31e-06	0.0203	ATATGTGTGTGTGT
MA1976.2	ZNF320	ENSDARG00000077467|SRY-box	467	486	-	13.9438	4.39e-06	0.0185	GTGGCGTCAGTGGGCCTCGG
MA0459.1	tll	ENSDARG00000077467|SRY-box	529	538	+	15.0787	4.63e-06	0.0227	TAAAGTCAAA
MA1299.2	WRKY17	ENSDARG00000077467|SRY-box	530	539	+	15.4605	4.71e-06	0.0231	AAAGTCAAAG
MA0559.1	PI	ENSDARG00000077467|SRY-box	238	251	-	14.6818	5.08e-06	0.0249	GCAGAAGAAGAAAA
MA0744.3	SCRT2	ENSDARG00000077467|SRY-box	973	982	-	14.633	5.58e-06	0.0269	GCCACAGGTG
MA1876.1	Gsx	ENSDARG00000077467|SRY-box	640	659	+	13.8367	5.96e-06	0.029	ACGACATTTTAATGTTATTT
MA0743.3	SCRT1	ENSDARG00000077467|SRY-box	973	982	-	14.7982	5.97e-06	0.0291	GCCACAGGTG
MA1406.2	ATHB-4	ENSDARG00000077467|SRY-box	713	721	-	14.2283	5.98e-06	0.0293	TAATCATTG
MA0070.2	PBX1	ENSDARG00000077467|SRY-box	136	144	-	15.9694	5.98e-06	0.0293	ATCAATCAA
MA2203.1	CG12605	ENSDARG00000077467|SRY-box	973	981	+	15.4918	6.03e-06	0.0295	CACCTGTGG
MA0419.1	YAP7	ENSDARG00000077467|SRY-box	722	732	-	14.5849	6.81e-06	0.0333	ATTAGTAATAA
MA0331.1	MCM1	ENSDARG00000077467|SRY-box	559	570	-	14.2857	6.88e-06	0.0336	CCTGTTCAGGAA
MA1268.2	CDF5	ENSDARG00000077467|SRY-box	860	880	-	14.1212	7.14e-06	0.0348	TGTGCTTTTGTTTATTATTTA
MA0296.2	FKH1	ENSDARG00000077467|SRY-box	862	874	+	14.5323	7.27e-06	0.0356	AATAATAAACAAA
MA2344.1	REV	ENSDARG00000077467|SRY-box	711	724	+	13.9167	7.89e-06	0.0193	AACAATGATTATTA
MA0359.3	RAP1	ENSDARG00000077467|SRY-box	446	457	-	14.1286	8.09e-06	0.0393	ATGTGTGTGTGT
MA1306.2	WRKY11	ENSDARG00000077467|SRY-box	529	539	-	14.303	8.1e-06	0.0396	CTTTGACTTTA
MA1079.3	WRKY21	ENSDARG00000077467|SRY-box	529	539	+	14.2429	8.13e-06	0.0398	TAAAGTCAAAG
MA1309.1	WRKY3	ENSDARG00000077467|SRY-box	529	539	+	14.3636	8.14e-06	0.0399	TAAAGTCAAAG
MA0757.2	ONECUT3	ENSDARG00000077467|SRY-box	137	148	-	14.1236	8.23e-06	0.0403	AAAAATCAATCA
MA1094.3	WRKY8	ENSDARG00000077467|SRY-box	529	539	+	13.8061	9.39e-06	0.046	TAAAGTCAAAG
MA1313.2	WRKY7	ENSDARG00000077467|SRY-box	529	539	-	13.3333	9.64e-06	0.0472	CTTTGACTTTA
MA2107.1	cg	ENSDARG00000077467|SRY-box	458	468	+	13.899	9.73e-06	0.00945	ATACACACACC
MA1541.2	NR6A1	ENSDARG00000077467|SRY-box	83	96	+	13.4839	9.97e-06	0.0486	CAAGTTCAAGCTGA
MA2322.1	ZIPIC	ENSDARG00000077467|SRY-box	501	510	+	13.4468	1.09e-05	0.0487	GCTGCCCTGG
MA2348.1	IDD6	ENSDARG00000077467|SRY-box	235	250	+	12.541	1.13e-05	0.0377	TTTTTTTCTTCTTCTG
MA1160.2	IDD6	ENSDARG00000077467|SRY-box	235	250	+	12.6	1.13e-05	0.0373	TTTTTTTCTTCTTCTG
MA0287.1	CUP2	ENSDARG00000077467|SRY-box	424	434	+	14.1835	1.29e-05	0.0361	TAGCAGAAGTG
MA0538.2	daf-12	ENSDARG00000077467|SRY-box	444	457	-	13.75	1.29e-05	0.0304	ATGTGTGTGTGTTA
MA0287.1	CUP2	ENSDARG00000077467|SRY-box	243	253	-	13.8624	1.48e-05	0.0361	CAGCAGAAGAA
MA1261.2	ERF122	ENSDARG00000077467|SRY-box	481	490	-	13.1316	1.69e-05	0.0393	TACGGTGGCG
MA2107.1	cg	ENSDARG00000077467|SRY-box	444	454	+	12.8586	1.87e-05	0.0151	TAACACACACA
MA2344.1	REV	ENSDARG00000077467|SRY-box	714	727	+	12.3889	2.17e-05	0.0353	AATGATTATTATTA
MA1160.2	IDD6	ENSDARG00000077467|SRY-box	392	407	-	11.0714	2.29e-05	0.0373	GGTTTGGCGGTTTGTT
MA1160.2	IDD6	ENSDARG00000077467|SRY-box	751	766	+	11.0714	2.29e-05	0.0373	TTTTTGTAGGTTTCCA
MA2348.1	IDD6	ENSDARG00000077467|SRY-box	392	407	-	10.9836	2.3e-05	0.0377	GGTTTGGCGGTTTGTT
MA0609.3	CREM	ENSDARG00000077467|SRY-box	2	11	+	12.5868	2.31e-05	0.0494	GTGAAGTCAC
MA0609.3	CREM	ENSDARG00000077467|SRY-box	2	11	-	12.5868	2.31e-05	0.0494	GTGACTTCAC
MA2348.1	IDD6	ENSDARG00000077467|SRY-box	751	766	+	10.9672	2.32e-05	0.0377	TTTTTGTAGGTTTCCA
MA2107.1	cg	ENSDARG00000077467|SRY-box	737	747	-	11.9192	2.69e-05	0.0174	ACACACAGATA
MA2107.1	cg	ENSDARG00000077467|SRY-box	450	460	+	11.7576	2.95e-05	0.0174	ACACACATATA
MA2107.1	cg	ENSDARG00000077467|SRY-box	456	466	+	11.6263	3.23e-05	0.0174	ATATACACACA
MA1976.2	ZNF320	ENSDARG00000077467|SRY-box	300	319	-	9.79775	3.34e-05	0.0351	GGCGCTGCCGTGGGCAGCTG
MA2344.1	REV	ENSDARG00000077467|SRY-box	713	726	-	11.5833	3.48e-05	0.0396	AATAATAATCATTG
MA2344.1	REV	ENSDARG00000077467|SRY-box	707	720	-	11.3194	4.05e-05	0.0396	AATCATTGTTATTA
MA1257.2	ERF9	ENSDARG00000077467|SRY-box	779	797	+	10.2121	4.87e-05	0.042	TCAGAGGAAGACGGCGGAA
MA0609.3	CREM	ENSDARG00000077467|SRY-box	477	486	+	10.8862	6.27e-05	0.0494	CTGACGCCAC
MA0609.3	CREM	ENSDARG00000077467|SRY-box	477	486	-	10.8743	6.39e-05	0.0494	GTGGCGTCAG
MA2107.1	cg	ENSDARG00000077467|SRY-box	743	753	-	10.4949	6.83e-05	0.0332	AAATACACACA
MA2398.1	AS2	ENSDARG00000077467|SRY-box	778	795	+	9.52459	8.2e-05	0.047	TTCAGAGGAAGACGGCGG
MA2107.1	cg	ENSDARG00000077467|SRY-box	460	470	+	9.9899	8.5e-05	0.0375	ACACACACCGA

# fimo --oc . --verbosity 1 --bgfile --nrdb-- --thresh 1.0E-4 JASPAR2024_CORE_non-redundant_pfms_meme.txt sequences.fa
