gene	TF	species	motif_id	matched_sequence	distance_from_tss	q_value
braf	BPC1	zebrafish	MA1404.1	GATGGGGGGAGAGATGGACAGAGC	1.5	0.00128
braf	BPC5	zebrafish	MA1403.1	GTAGAGTCCGATGGGGGGAGAGATGGACAG	4.5	0.0029
braf	BPC6	zebrafish	MA1402.1	CTCTGTCCATCTCTCCCCCCA	2.0	0.00582
braf	PRDM9	zebrafish	MA1723.2	GGGGGGAGAGATGGACAGAG	2.5	0.0429
braf	RAMOSA1	zebrafish	MA1416.1	GGGGGAGAGATGGA	0.5	0.048
braf	eor-1	zebrafish	MA0543.2	GGAGGGGGAGACA	64.0	0.0307
cdkn2a/b	ONECUT3	zebrafish	MA0757.2	GAAAATCAATAA	7.5	0.0228
cdkn2aip	Klf6-7-like	zebrafish	MA1893.1	CATGGCCCCGCCTTGCCCCC	35.5	0.0208
e2f1	Clamp	zebrafish	MA1700.1	CAGAGAGCGAGTGA	27.5	0.00666
e2f1	RAMOSA1	zebrafish	MA1416.1	CAGAGAGCGAGTGA	27.5	0.029
foxo3b	BPC1	zebrafish	MA1404.1	AAGACAGTAAAGAGGAGTGACAGA	28.5	0.0449
mitfa	ZNF460	platyfish	MA1596.1	GCCTCAGGCTCCCCAC	9.5	0.0392
sox10	BPC1	zebrafish	MA1404.1	GAGAGAGAGAGAGAGAGAGAGAGT	55.5	2.54e-09
sox10	BPC5	zebrafish	MA1403.1	AGAGAGAGAGAGAGAGAGTGTCTAAGAGAG	47.5	1.4e-07
sox10	BPC6	zebrafish	MA1402.1	CTCTCTCTCTCTCTCTCTCTC	57.0	4.63e-09
sox10	Clamp	zebrafish	MA1700.1	GAGAGAGAGAGAGA	54.5	0.00274
sox10	PRDM9	zebrafish	MA1723.2	AGAGAGAAAGGGGGGCAAAG	12.5	0.0292
sox10	RAMOSA1	zebrafish	MA1416.1	GAGAGAGAGAGAGA	54.5	3.42e-05
sox10	Trl	zebrafish	MA0205.3	GAGAGAGAG	57.0	0.0331
sox10	eor-1	zebrafish	MA0543.2	AGAGAGAGAGAGA	60.0	0.00245
stat5a	Lhx1	zebrafish	MA1518.3	GCTAATTAGC	34.5	0.0279
tp53bp2	BPC1	zebrafish	MA1404.1	AAGGAAAAAAGAGAGACAACATGG	18.5	0.0207
tp53bp2	BPC6	zebrafish	MA1402.1	ACCATGTTGTCTCTCTTTTTT	21.0	0.039
tp53bp2	RAMOSA1	zebrafish	MA1416.1	AAAAAAGAGAGACA	17.5	0.0297
tp53bp2	Trl	zebrafish	MA0205.3	AAGAGAGAC	19.0	0.0312
zeb1	BPC1	platyfish	MA1404.1	GAGGAAGGGTGAGTAGGAGGGAGG	69.5	0.000833
zeb1	BPC5	platyfish	MA1403.1	GGGGTGAGGAAGGGTGAGTAGGAGGGAGGC	71.5	0.00659
zeb1	Klf15	platyfish	MA1890.1	CCCCCCTCCCGTCCCTTCCCCC	93.5	0.00634
zeb1	Klf6-7-like	platyfish	MA1893.1	CCCTTCCTCACCCCCCTCCC	82.5	0.0398
zeb1	PRDM9	platyfish	MA1723.2	GCGGGTGAGGGAGGAGGTAA	48.5	0.018
zeb1	ZNF281	platyfish	MA1630.3	GGGGGAAGGG	99.5	0.0386
zeb1a	Klf15	zebrafish	MA1890.1	CCCCCTCTGTGCCCCCTCCCCA	51.5	0.0162
zeb1a	PRDM9	zebrafish	MA1723.2	AGGGGGCACAGAGGGGGCTC	47.5	0.0467
