gene	species	TF	motif_id	matched_sequence	distance_from_tss	q_value
braf	zebrafish	eor-1	MA0543.2	GGAGGGGGAGACA	64.0	0.0307
braf	zebrafish	eor-1	MA0543.2	AGAGATCGAGACA	51.0	0.0355
braf	zebrafish	BPC5	MA1403.1	GGAAAGCAACAGAGATCGAGACAGGAGGGG	49.5	0.0391
braf	zebrafish	BPC5	MA1403.1	AAAGCAACAGAGATCGAGACAGGAGGGGGA	51.5	0.0481
braf	zebrafish	BPC1	MA1404.1	GATGGGGGGAGAGATGGACAGAGC	1.5	0.00128
braf	zebrafish	BPC5	MA1403.1	GTAGAGTCCGATGGGGGGAGAGATGGACAG	4.5	0.0029
braf	zebrafish	BPC6	MA1402.1	CTCTGTCCATCTCTCCCCCCA	2.0	0.00582
braf	zebrafish	RAMOSA1	MA1416.1	GGGGGAGAGATGGA	0.5	0.048
braf	zebrafish	PRDM9	MA1723.2	GGGGGGAGAGATGGACAGAG	2.5	0.0429
braf	zebrafish	BPC1	MA1404.1	TGGGGGGAGAGATGGACAGAGCTC	3.5	0.0141
braf	zebrafish	BPC5	MA1403.1	AGTCCGATGGGGGGAGAGATGGACAGAGCT	0.5	0.0157
braf	zebrafish	BPC5	MA1403.1	AGAGTCCGATGGGGGGAGAGATGGACAGAG	2.5	0.0161
braf	zebrafish	BPC5	MA1403.1	CGGTAGAGTCCGATGGGGGGAGAGATGGAC	6.5	0.0203
braf	zebrafish	BPC1	MA1404.1	CCGATGGGGGGAGAGATGGACAGA	0.5	0.0371
cdkn2a/b	zebrafish	ONECUT3	MA0757.2	GAAAATCAATAA	7.5	0.0228
cdkn2aip	zebrafish	Klf6-7-like	MA1893.1	CATGGCCCCGCCTTGCCCCC	35.5	0.0208
e2f1	zebrafish	Clamp	MA1700.1	CAGAGAGCGAGTGA	27.5	0.00666
e2f1	zebrafish	Clamp	MA1700.1	GAGCGAGTGAGCCC	23.5	0.0182
e2f1	zebrafish	RAMOSA1	MA1416.1	CAGAGAGCGAGTGA	27.5	0.029
foxo3b	zebrafish	BPC1	MA1404.1	AAGACAGTAAAGAGGAGTGACAGA	28.5	0.0449
mitfa	platyfish	ZNF460	MA1596.1	GCCTCAGGCTCCCCAC	9.5	0.0392
sox10	zebrafish	BPC1	MA1404.1	GAGAGAGAGAGAGAGAGAGAGAGT	55.5	2.54e-09
sox10	zebrafish	BPC6	MA1402.1	CTCTCTCTCTCTCTCTCTCTC	57.0	4.63e-09
sox10	zebrafish	BPC6	MA1402.1	CTCTCTCTCTCTCTCTCTCTC	55.0	4.63e-09
sox10	zebrafish	BPC1	MA1404.1	GAGAGAGAGAGAGAGAGAGAGTGT	53.5	2.21e-08
sox10	zebrafish	BPC6	MA1402.1	CACTCTCTCTCTCTCTCTCTC	53.0	2.75e-08
sox10	zebrafish	BPC1	MA1404.1	ACGAGAGAGAGAGAGAGAGAGAGA	57.5	6.73e-08
sox10	zebrafish	BPC5	MA1403.1	AGAGAGAGAGAGAGAGAGAGAGTGTCTAAG	51.5	1.4e-07
sox10	zebrafish	BPC5	MA1403.1	AGAGAGAGAGAGAGAGAGTGTCTAAGAGAG	47.5	1.4e-07
sox10	zebrafish	BPC5	MA1403.1	AGAGAGAGAGAGAGAGAGAGTGTCTAAGAG	49.5	1.54e-07
sox10	zebrafish	BPC1	MA1404.1	AAGAGAGAGAAATAGAGAGAGAGA	27.5	3.83e-07
sox10	zebrafish	BPC5	MA1403.1	GACGAGAGAGAGAGAGAGAGAGAGAGTGTC	55.5	4.82e-07
sox10	zebrafish	BPC5	MA1403.1	CGAGAGAGAGAGAGAGAGAGAGAGTGTCTA	53.5	6.61e-07
sox10	zebrafish	BPC5	MA1403.1	AGAGAGAGAGAGAGTGTCTAAGAGAGAGAA	43.5	1.23e-06
sox10	zebrafish	BPC1	MA1404.1	GAGAGAAATAGAGAGAGAGAAAGG	23.5	1.62e-06
sox10	zebrafish	BPC6	MA1402.1	CTCTCTCTCTCTCTCTCTCGT	59.0	2.32e-06
sox10	zebrafish	BPC5	MA1403.1	AGAGAGAGAGAGAGAGTGTCTAAGAGAGAG	45.5	1.39e-06
sox10	zebrafish	BPC1	MA1404.1	GAGAGAGAAATAGAGAGAGAGAAA	25.5	2.45e-06
sox10	zebrafish	BPC5	MA1403.1	AGAGAGAGAAATAGAGAGAGAGAAAGGGGG	23.5	2.1e-06
sox10	zebrafish	BPC5	MA1403.1	AGAGTGTCTAAGAGAGAGAAATAGAGAGAG	33.5	2.1e-06
sox10	zebrafish	BPC1	MA1404.1	GAGAGAGAGAGAGAGAGAGTGTCT	51.5	3.97e-06
sox10	zebrafish	BPC1	MA1404.1	GAGAAATAGAGAGAGAGAAAGGGG	21.5	4.76e-06
sox10	zebrafish	BPC5	MA1403.1	CGGACGAGAGAGAGAGAGAGAGAGAGAGTG	57.5	4.79e-06
sox10	zebrafish	BPC6	MA1402.1	GACACTCTCTCTCTCTCTCTC	51.0	1.07e-05
sox10	zebrafish	BPC5	MA1403.1	TAAGAGAGAGAAATAGAGAGAGAGAAAGGG	25.5	7.04e-06
sox10	zebrafish	BPC6	MA1402.1	CCCTTTCTCTCTCTCTATTTC	21.0	1.61e-05
sox10	zebrafish	BPC6	MA1402.1	TTCTCTCTCTCTATTTCTCTC	25.0	1.95e-05
sox10	zebrafish	BPC6	MA1402.1	CTCTCTCTATTTCTCTCTCTT	29.0	2.05e-05
sox10	zebrafish	RAMOSA1	MA1416.1	GAGAGAGAGAGAGA	60.5	3.42e-05
sox10	zebrafish	RAMOSA1	MA1416.1	GAGAGAGAGAGAGA	58.5	3.42e-05
sox10	zebrafish	RAMOSA1	MA1416.1	GAGAGAGAGAGAGA	56.5	3.42e-05
sox10	zebrafish	RAMOSA1	MA1416.1	GAGAGAGAGAGAGA	54.5	3.42e-05
sox10	zebrafish	RAMOSA1	MA1416.1	GAGAGAGAGAGAGA	52.5	3.42e-05
sox10	zebrafish	BPC5	MA1403.1	AGAGAAATAGAGAGAGAGAAAGGGGGGCAA	19.5	1.13e-05
sox10	zebrafish	BPC5	MA1403.1	AAATAGAGAGAGAGAAAGGGGGGCAAAGAA	15.5	1.13e-05
sox10	zebrafish	BPC6	MA1402.1	CTTTCTCTCTCTCTATTTCTC	23.0	3.45e-05
sox10	zebrafish	BPC5	MA1403.1	AGAAATAGAGAGAGAGAAAGGGGGGCAAAG	17.5	1.13e-05
sox10	zebrafish	BPC5	MA1403.1	AGTGTCTAAGAGAGAGAAATAGAGAGAGAG	31.5	1.13e-05
sox10	zebrafish	BPC1	MA1404.1	GAGAGAGAGAGAGAGAGTGTCTAA	49.5	3.89e-05
sox10	zebrafish	BPC5	MA1403.1	AGAGAGAGTGTCTAAGAGAGAGAAATAGAG	37.5	1.13e-05
sox10	zebrafish	BPC5	MA1403.1	AGAGAGTGTCTAAGAGAGAGAAATAGAGAG	35.5	1.13e-05
sox10	zebrafish	BPC1	MA1404.1	CTAAGAGAGAGAAATAGAGAGAGA	29.5	7.87e-05
sox10	zebrafish	BPC6	MA1402.1	TAGACACTCTCTCTCTCTCTC	49.0	8.84e-05
sox10	zebrafish	BPC6	MA1402.1	CCCCCTTTCTCTCTCTCTATT	19.0	0.000104
sox10	zebrafish	BPC5	MA1403.1	TCCGGACGAGAGAGAGAGAGAGAGAGAGAG	59.5	2.64e-05
sox10	zebrafish	BPC1	MA1404.1	GGACGAGAGAGAGAGAGAGAGAGA	59.5	0.000131
sox10	zebrafish	BPC1	MA1404.1	GAAATAGAGAGAGAGAAAGGGGGG	19.5	0.000171
sox10	zebrafish	BPC1	MA1404.1	GAGAGAGAGTGTCTAAGAGAGAGA	41.5	0.000171
sox10	zebrafish	BPC1	MA1404.1	GTCTAAGAGAGAGAAATAGAGAGA	31.5	0.000171
sox10	zebrafish	RAMOSA1	MA1416.1	GAGAGAGAGAGAGT	50.5	0.000436
sox10	zebrafish	BPC5	MA1403.1	AGAGAGAAATAGAGAGAGAGAAAGGGGGGC	21.5	5.34e-05
sox10	zebrafish	BPC6	MA1402.1	CTCTCTCTCTATTTCTCTCTC	27.0	0.000263
sox10	zebrafish	BPC5	MA1403.1	TCTAAGAGAGAGAAATAGAGAGAGAGAAAG	27.5	6.64e-05
sox10	zebrafish	BPC5	MA1403.1	TGTCTAAGAGAGAGAAATAGAGAGAGAGAA	29.5	6.64e-05
sox10	zebrafish	BPC1	MA1404.1	GAGAGAGAGAAAGGGGGGCAAAGA	13.5	0.00028
sox10	zebrafish	BPC5	MA1403.1	AGAGAGAGAGAGTGTCTAAGAGAGAGAAAT	41.5	7.43e-05
sox10	zebrafish	BPC1	MA1404.1	AATAGAGAGAGAGAAAGGGGGGCA	17.5	0.000322
sox10	zebrafish	BPC5	MA1403.1	AGAGAGAGAGTGTCTAAGAGAGAGAAATAG	39.5	7.43e-05
sox10	zebrafish	BPC1	MA1404.1	TAGAGAGAGAGAAAGGGGGGCAAA	15.5	0.000459
sox10	zebrafish	BPC6	MA1402.1	CTCTCTCTCTCTCTCTCGTCC	61.0	0.000649
sox10	zebrafish	RAMOSA1	MA1416.1	ACGAGAGAGAGAGA	62.5	0.00149
sox10	zebrafish	eor-1	MA0543.2	AGAGAGAGAGAGA	60.0	0.00245
sox10	zebrafish	eor-1	MA0543.2	AGAGAGAGAGAGA	58.0	0.00245
sox10	zebrafish	eor-1	MA0543.2	AGAGAGAGAGAGA	56.0	0.00245
sox10	zebrafish	eor-1	MA0543.2	AGAGAGAGAGAGA	54.0	0.00245
sox10	zebrafish	eor-1	MA0543.2	AGAGAGAGAGAGA	52.0	0.00245
sox10	zebrafish	Clamp	MA1700.1	GAGAGAGAGAGAGA	60.5	0.00274
sox10	zebrafish	Clamp	MA1700.1	GAGAGAGAGAGAGA	58.5	0.00274
sox10	zebrafish	Clamp	MA1700.1	GAGAGAGAGAGAGA	56.5	0.00274
sox10	zebrafish	Clamp	MA1700.1	GAGAGAGAGAGAGA	54.5	0.00274
sox10	zebrafish	Clamp	MA1700.1	GAGAGAGAGAGAGA	52.5	0.00274
sox10	zebrafish	RAMOSA1	MA1416.1	AATAGAGAGAGAGA	22.5	0.00197
sox10	zebrafish	BPC6	MA1402.1	CTTAGACACTCTCTCTCTCTC	47.0	0.00072
sox10	zebrafish	RAMOSA1	MA1416.1	TAGAGAGAGAGAAA	20.5	0.00201
sox10	zebrafish	BPC6	MA1402.1	TTGCCCCCCTTTCTCTCTCTC	15.0	0.00072
sox10	zebrafish	BPC5	MA1403.1	ATAGAGAGAGAGAAAGGGGGGCAAAGAAGA	13.5	0.000195
sox10	zebrafish	BPC6	MA1402.1	GCCCCCCTTTCTCTCTCTCTA	17.0	0.00072
sox10	zebrafish	BPC1	MA1404.1	GAGAGAGTGTCTAAGAGAGAGAAA	39.5	0.000459
sox10	zebrafish	BPC1	MA1404.1	GAGAGAGAGAGAGTGTCTAAGAGA	45.5	0.000459
sox10	zebrafish	BPC5	MA1403.1	GTACTCCGGACGAGAGAGAGAGAGAGAGAG	63.5	0.000375
sox10	zebrafish	RAMOSA1	MA1416.1	GAAATAGAGAGAGA	24.5	0.00397
sox10	zebrafish	BPC1	MA1404.1	GAGAGAGAAAGGGGGGCAAAGAAG	11.5	0.000459
sox10	zebrafish	RAMOSA1	MA1416.1	GGACGAGAGAGAGA	64.5	0.00466
sox10	zebrafish	BPC5	MA1403.1	ACTCCGGACGAGAGAGAGAGAGAGAGAGAG	61.5	0.000615
sox10	zebrafish	BPC1	MA1404.1	CCGGACGAGAGAGAGAGAGAGAGA	61.5	0.000689
sox10	zebrafish	RAMOSA1	MA1416.1	GAGAGAGAGAGTGT	48.5	0.00466
sox10	zebrafish	eor-1	MA0543.2	AGAGAGAGAGAAA	20.0	0.0127
sox10	zebrafish	BPC5	MA1403.1	AGAGAGAGAAAGGGGGGCAAAGAAGATGTC	9.5	0.000772
sox10	zebrafish	BPC1	MA1404.1	GAGAGAGAGAGAGAGTGTCTAAGA	47.5	0.00123
sox10	zebrafish	eor-1	MA0543.2	CGAGAGAGAGAGA	62.0	0.0221
sox10	zebrafish	PRDM9	MA1723.2	AGAGAGAAAGGGGGGCAAAG	12.5	0.0292
sox10	zebrafish	Trl	MA0205.3	AAGAGAGAG	35.0	0.0331
sox10	zebrafish	Clamp	MA1700.1	GAGAGAGAGAGAGT	50.5	0.0229
sox10	zebrafish	eor-1	MA0543.2	AGAGAAATAGAGA	28.0	0.0251
sox10	zebrafish	Clamp	MA1700.1	ACGAGAGAGAGAGA	62.5	0.0239
sox10	zebrafish	Clamp	MA1700.1	GGACGAGAGAGAGA	64.5	0.0239
sox10	zebrafish	BPC6	MA1402.1	CTATTTCTCTCTCTTAGACAC	35.0	0.00422
sox10	zebrafish	BPC6	MA1402.1	CTCTTAGACACTCTCTCTCTC	45.0	0.00422
sox10	zebrafish	eor-1	MA0543.2	AGAGAGAGAGAGT	50.0	0.0266
sox10	zebrafish	BPC5	MA1403.1	AGAGAGAGAGAAAGGGGGGCAAAGAAGATG	11.5	0.0031
sox10	zebrafish	RAMOSA1	MA1416.1	GAGAGAGAGAAAGG	18.5	0.0211
sox10	zebrafish	Trl	MA0205.3	GAGAGAGAG	63.0	0.0331
sox10	zebrafish	Trl	MA0205.3	GAGAGAGAG	61.0	0.0331
sox10	zebrafish	Trl	MA0205.3	GAGAGAGAG	59.0	0.0331
sox10	zebrafish	Trl	MA0205.3	GAGAGAGAG	57.0	0.0331
sox10	zebrafish	Trl	MA0205.3	GAGAGAGAG	55.0	0.0331
sox10	zebrafish	Trl	MA0205.3	GAGAGAGAG	53.0	0.0331
sox10	zebrafish	Trl	MA0205.3	GAGAGAGAG	51.0	0.0331
sox10	zebrafish	Trl	MA0205.3	GAGAGAGAG	49.0	0.0331
sox10	zebrafish	Trl	MA0205.3	GAGAGAGAG	21.0	0.0331
sox10	zebrafish	BPC6	MA1402.1	CTCTCTATTTCTCTCTCTTAG	31.0	0.00556
sox10	zebrafish	RAMOSA1	MA1416.1	CTAAGAGAGAGAAA	34.5	0.0332
sox10	zebrafish	BPC6	MA1402.1	CTCTCTTAGACACTCTCTCTC	43.0	0.0067
sox10	zebrafish	RAMOSA1	MA1416.1	GAGAAATAGAGAGA	26.5	0.0343
sox10	zebrafish	Clamp	MA1700.1	GAGAGAGAGAAAGG	18.5	0.0478
sox10	zebrafish	BPC6	MA1402.1	CTCTATTTCTCTCTCTTAGAC	33.0	0.0089
sox10	zebrafish	BPC6	MA1402.1	CTCTCTCTCTCTCTCGTCCGG	63.0	0.00966
sox10	zebrafish	PRDM9	MA1723.2	GAGAGAAAGGGGGGCAAAGA	11.5	0.0429
sox10	zebrafish	BPC5	MA1403.1	TGGTACTCCGGACGAGAGAGAGAGAGAGAG	65.5	0.013
sox10	zebrafish	BPC1	MA1404.1	GAGTGTCTAAGAGAGAGAAATAGA	35.5	0.0137
sox10	zebrafish	BPC1	MA1404.1	CTCCGGACGAGAGAGAGAGAGAGA	63.5	0.0155
sox10	zebrafish	BPC1	MA1404.1	GTGTCTAAGAGAGAGAAATAGAGA	33.5	0.0175
sox10	zebrafish	BPC1	MA1404.1	GAGAGAGAGAGTGTCTAAGAGAGA	43.5	0.0178
sox10	zebrafish	BPC6	MA1402.1	TTCTTTGCCCCCCTTTCTCTC	11.0	0.0277
sox10	zebrafish	BPC6	MA1402.1	CTTTGCCCCCCTTTCTCTCTC	13.0	0.0318
sox10	zebrafish	BPC5	MA1403.1	AGAGTTTGGTACTCCGGACGAGAGAGAGAG	71.5	0.0306
stat5a	zebrafish	Lhx1	MA1518.3	GCTAATTAGC	34.5	0.0279
stat5a	zebrafish	Lhx1	MA1518.3	GCTAATTAGC	34.5	0.0279
tp53bp2	zebrafish	BPC1	MA1404.1	AAGGAAAAAAGAGAGACAACATGG	18.5	0.0207
tp53bp2	zebrafish	Trl	MA0205.3	AAGAGAGAC	19.0	0.0312
tp53bp2	zebrafish	RAMOSA1	MA1416.1	AAAAAAGAGAGACA	17.5	0.0297
tp53bp2	zebrafish	BPC6	MA1402.1	ACCATGTTGTCTCTCTTTTTT	21.0	0.039
zeb1a	zebrafish	PRDM9	MA1723.2	AGGGGGCACAGAGGGGGCTC	47.5	0.0467
zeb1a	zebrafish	Klf15	MA1890.1	CCCCCTCTGTGCCCCCTCCCCA	51.5	0.0162
zeb1a	zebrafish	Klf15	MA1890.1	CCCAATCCAGGCCCCACTCTGC	69.5	0.0444
zeb1	platyfish	Klf15	MA1890.1	CCCCCCTCCCGTCCCTTCCCCC	93.5	0.00634
zeb1	platyfish	PRDM9	MA1723.2	GCGGGTGAGGGAGGAGGTAA	48.5	0.018
zeb1	platyfish	BPC1	MA1404.1	GAGGAAGGGTGAGTAGGAGGGAGG	69.5	0.000833
zeb1	platyfish	ZNF281	MA1630.3	GGGGGAAGGG	99.5	0.0386
zeb1	platyfish	Klf15	MA1890.1	ACCCTTCCTCACCCCCCTCCCG	82.5	0.00879
zeb1	platyfish	Klf15	MA1890.1	CCTTCCTCACCCCCCTCCCGTC	84.5	0.0156
zeb1	platyfish	Klf15	MA1890.1	CCTCCCTCACCCGCCTCCCTCC	55.5	0.0156
zeb1	platyfish	Klf6-7-like	MA1893.1	CCCTTCCTCACCCCCCTCCC	82.5	0.0398
zeb1	platyfish	PRDM9	MA1723.2	GGAGGCGGGTGAGGGAGGAG	52.5	0.039
zeb1	platyfish	BPC5	MA1403.1	GGGGTGAGGAAGGGTGAGTAGGAGGGAGGC	71.5	0.00659
zeb1	platyfish	PRDM9	MA1723.2	GGTGAGTAGGAGGGAGGCGG	64.5	0.039
zeb1	platyfish	Klf15	MA1890.1	TCCCTCACCCGCCTCCCTCCTA	57.5	0.0329
zeb1	platyfish	BPC1	MA1404.1	GGGTGAGGAAGGGTGAGTAGGAGG	73.5	0.0111
zeb1	platyfish	Klf15	MA1890.1	CCCGCCTCCCTCCTACTCACCC	64.5	0.039
zeb1	platyfish	Klf15	MA1890.1	CCCCTCCCGTCCCTTCCCCCAC	95.5	0.0472
zeb1	platyfish	Klf15	MA1890.1	CTCCTCCCTCACCCGCCTCCCT	53.5	0.0472
zeb1	platyfish	BPC5	MA1403.1	GAGGGGGGTGAGGAAGGGTGAGTAGGAGGG	75.5	0.0362
